position,effective_alpha,pred_mean_obs1,pred_std_obs1,exp_mean_obs1,exp_std_obs1,pred_mean_obs2,pred_std_obs2,exp_mean_obs2,exp_std_obs2,pred_mean_obs3,pred_std_obs3,exp_mean_obs3,exp_std_obs3,pred_mean_obs4,pred_std_obs4,exp_mean_obs4,exp_std_obs4,pred_mean_obs5,pred_std_obs5,exp_mean_obs5,exp_std_obs5,pred_mean_obs6,pred_std_obs6,exp_mean_obs6,exp_std_obs6,pred_mean_obs7,pred_std_obs7,exp_mean_obs7,exp_std_obs7,pred_mean_obs8,pred_std_obs8,exp_mean_obs8,exp_std_obs8,pred_mean_obs9,pred_std_obs9,exp_mean_obs9,exp_std_obs9,pred_mean_obs10,pred_std_obs10,exp_mean_obs10,exp_std_obs10,pred_mean_obs11,pred_std_obs11,exp_mean_obs11,exp_std_obs11,pred_mean_obs12,pred_std_obs12,exp_mean_obs12,exp_std_obs12
0,-1.1600721044596103,-2.022008396705357,0.2197049914672266,-1.1231636166820662,1.2509605864774302,-2.0522661479910007,0.21082291878806783,-1.1244073569401456,0.9258728830885571,-2.021016398543306,0.237166666303735,-1.1353285084016596,0.7420703769033046,-2.015071214849135,0.2130945921440727,-1.184363475645902,0.6408699221794547,-2.0220228019730144,0.2289504070115769,-1.1577428230468148,0.623454312544549,-2.0252940303387534,0.2260471057800327,-1.1822437303903515,0.5068406857054207,-2.023855693632518,0.22638225317592686,-1.1747958154765767,0.4634623265651386,-2.0168537791896686,0.22336658956127167,-1.1917381707609827,0.4290827640078639,-2.035897106868246,0.23771882236853425,-1.1203608628842485,0.41493233922404577,-2.023340345178147,0.22328602327725386,-1.1279074439059738,0.40464562344713295,-2.0178279557119962,0.22132871997572243,-1.1608121600572843,0.3705581233945268,-2.0143989954630466,0.21572879118702837,-1.1571629920138045,0.36406117426985
1,-1.506645694739583,-2.067499998887637,0.23092795908421995,-1.565939948921364,1.00372250420054,-2.0876410477748393,0.22650654985962773,-1.5073589873265951,0.7222148023099882,-2.0716139097455857,0.2318986719080598,-1.4765170015980702,0.5585219718924159,-2.0466504202684312,0.2244102636738018,-1.4918541531701033,0.508492084361891,-2.0800196490379226,0.2270910418020708,-1.5207546810062196,0.47822079478256474,-2.0989962509399107,0.2384205268193591,-1.523216695572415,0.38776157061051103,-2.0646583767255167,0.22219880987681948,-1.5138033563271331,0.364165454059696,-2.0468709723256038,0.21639257370884657,-1.5246645442940219,0.3475741493706183,-2.0964913867688524,0.22517120121864087,-1.4692345268967706,0.3322140867557946,-2.0654956474365096,0.23015654392726792,-1.469086479973999,0.3054763381497922,-2.051587146006169,0.22956465789751862,-1.4864071038448292,0.2891912786820812,-2.039337659898725,0.22636508010458453,-1.4834556557895737,0.2855909746937884
2,-1.7093782487936653,-2.1234745441593947,0.23935890113058195,-1.7030281868774364,0.8719163983355676,-2.083535234498158,0.22599202745216518,-1.6947274125604375,0.5925381509258435,-2.134803055505429,0.2237855247504126,-1.7118972055234012,0.5204418417027661,-2.104872414938928,0.23959388300028667,-1.70880180103077,0.41631501273577604,-2.103905538545828,0.22827484333526954,-1.727006188804784,0.37752126676102243,-2.126820881923713,0.2351956334950472,-1.7340863269300235,0.35108309460661924,-2.097547775269672,0.23290867881729405,-1.7181382670248848,0.3132328849684471,-2.089751866702306,0.2279764949678094,-1.7248819151336356,0.3089070828590873,-2.095844302011627,0.2277028033266226,-1.7008418829156813,0.27442486601547467,-2.106285231369406,0.233432315476383,-1.6799826795329118,0.25732937253081967,-2.1025108882780486,0.23651692657698697,-1.703625484030106,0.2593527626432978,-2.1181551068842546,0.22707922752702264,-1.703713012690694,0.24328891041255674
3,-1.8532192850195557,-2.174001670276334,0.22651841373097892,-1.8291026649336877,0.7321314433780177,-2.145618037547483,0.22971183338290177,-1.8469822363166368,0.5425040420673806,-2.171766127771407,0.21654950444473775,-1.8154048937208893,0.40914482745650915,-2.1352616680328254,0.2255833512443872,-1.8587496840623896,0.3791720433686298,-2.1308186706449956,0.22078513909513012,-1.833403328283566,0.32962580779452294,-2.16137337338617,0.22564539964877095,-1.8697906209991313,0.31208691845751607,-2.1529581403507745,0.21861467781907118,-1.8426212806725326,0.27364705861305233,-2.1402160875326786,0.23127629497601768,-1.8802886956065858,0.2712371467945926,-2.1406840895472605,0.21280775628801696,-1.8398449972132827,0.25280093447350066,-2.152212710512847,0.23423747223489938,-1.8430946915856103,0.24358994156423158,-2.129458589565706,0.21683525412282123,-1.8531656186386711,0.22974514697897142,-2.1367974180989884,0.2101060048784824,-1.8328543458853557,0.2190663244168059
4,-1.9647910606766605,-2.177739389271662,0.21480133264122553,-1.9141839730961785,0.6949634347582363,-2.167220469726122,0.2269907805736526,-1.9724060842457838,0.49587199307545327,-2.184357136882276,0.23143112954252693,-1.942184398835618,0.38491539729445906,-2.1686516647145457,0.2221939464663147,-1.9646672445099427,0.3548248106627866,-2.171907819789694,0.22135844578239722,-1.9639998748583218,0.3086797847612845,-2.182116815677889,0.21756397094088578,-1.961589373707943,0.2969622170290697,-2.1682969605909532,0.2216493428933873,-1.9558188018043705,0.2518214244013578,-2.16005430762827,0.22359985833751822,-1.9626231639447698,0.2386805956865192,-2.184499675513029,0.21442815019537712,-1.9410824640369568,0.2336215838420032,-2.177354458674445,0.22409566057023045,-1.938820361984152,0.21920493366397442,-2.1612350192286547,0.22614087876060116,-1.9659858335502434,0.20331056363464248,-2.1814282406349124,0.2108259850958667,-1.9605975940234857,0.19164066976821578
5,-2.0559518390736375,-2.2051072123850632,0.21513142005542593,-2.0945940739435445,0.5807987022189948,-2.201200057390222,0.2202705721645285,-2.0274181614533973,0.453920353292177,-2.213738408198441,0.21342081568178017,-2.0299853448072365,0.3809769261889922,-2.1999533850093855,0.21354206278216656,-2.0588483519743073,0.33629924891891927,-2.194483472105853,0.2135053574373812,-2.044801082009883,0.29079541864539155,-2.2066460177656313,0.21660743329432097,-2.0460255225385424,0.2871922626742226,-2.2043930363511395,0.21204670800208805,-2.062153233413641,0.24599480223245673,-2.201673288649796,0.21932090445795696,-2.0409339378375897,0.23212523853363992,-2.220784672949527,0.19520909418604981,-2.0748643707286125,0.21106706944421924,-2.211340051717441,0.21769394474165274,-2.051309698607138,0.2022793292032446,-2.1919229094667356,0.21844201485490022,-2.057833206276979,0.18958215920617685,-2.198461106306136,0.21176055804112573,-2.042392208982147,0.17915872889895862
6,-2.133027178987267,-2.2373271612742167,0.21777944522810738,-2.170147281220224,0.5887528390163168,-2.2162714239962362,0.22251950079850077,-2.12526684162969,0.4427570690584186,-2.253449046978441,0.21275724393324943,-2.111725645849025,0.3867677418947289,-2.2141021980967466,0.21576080897231506,-2.118670704709547,0.3090186446744052,-2.232994906257513,0.2128323839370079,-2.128243987724658,0.2682117844180516,-2.2377081683521127,0.2105165951592158,-2.1251286478169,0.2562366144800414,-2.2146950212690424,0.22099323392941841,-2.1038667725209086,0.23870968375601312,-2.2177974852465905,0.2211003038814005,-2.1382535076461004,0.22045667880744607,-2.2426989152759464,0.2123023473676538,-2.119343508313411,0.21414788712964133,-2.235022066703098,0.2067545330151954,-2.120150344724914,0.19566330501112228,-2.2163736412376775,0.2183069810497317,-2.142260490503813,0.17799575150364907,-2.215865043066699,0.21616189003637967,-2.1127783502608133,0.16918847725468925
7,-2.1997928752995284,-2.2509396353361515,0.20356849877783464,-2.238960122738836,0.5716249697445092,-2.2394082632762067,0.21421697977261228,-2.1838909652893306,0.43446040609170455,-2.262270163860596,0.20374381315677256,-2.2362941801272216,0.3239182459643344,-2.254818194831352,0.20333201218976454,-2.1806901421390137,0.30607855104347464,-2.254776453491919,0.1907467873078907,-2.2129592100107085,0.2692441350008411,-2.2553448019354576,0.201074640223219,-2.1755873969346857,0.2481450113292929,-2.2385729172091904,0.20622109400271724,-2.166041136249382,0.24313670074599417,-2.2361902753716967,0.21983487372794833,-2.198057641478771,0.19788661061620996,-2.2617991200600325,0.20424494166081864,-2.1771898924188564,0.20710053639612866,-2.255108355082334,0.20511905235451763,-2.1942233250460403,0.18201431304070267,-2.2547439734591657,0.19821912725779722,-2.20284759842755,0.18059954967818545,-2.236806764891299,0.20197803674783907,-2.1804724063725476,0.17134151007296503
8,-2.2586843931277203,-2.2745867284787407,0.1966939224084542,-2.3120843461065332,0.5568454927709395,-2.2699550318400745,0.19395312846332605,-2.2696470855594324,0.40793175593405184,-2.2758990858162895,0.2041004193394222,-2.269879045094156,0.3231558608360456,-2.2668926529144784,0.20634257920667654,-2.2545857886241985,0.28366102828123235,-2.2711613917906646,0.18697107904823573,-2.232204929607327,0.26227098094364903,-2.266315631898786,0.19694419606907695,-2.2629553196296746,0.23550194029890456,-2.2698231832508777,0.20566710558266743,-2.252519997124338,0.22560872193297807,-2.2676155239051417,0.19923229764506814,-2.263716447372883,0.22325180815498938,-2.2641957460753313,0.18676549901320214,-2.2521768364056354,0.19389961873794756,-2.2775206161432453,0.1914221876961271,-2.2360129930002115,0.17903879727821076,-2.2671683287180784,0.20354114674707058,-2.255556746174654,0.1818152554770395,-2.2485956256446684,0.20735882091356841,-2.2386171325532205,0.1697695727781278
9,-2.3113646509566332,-2.3115923557615488,0.18601152986418637,-2.3232919084920898,0.5778234545422609,-2.2759874345991307,0.1998558492263895,-2.3169910812753094,0.3921806041951629,-2.2919714329913856,0.19062441584390447,-2.2961093675392337,0.3196194384085058,-2.278713360813257,0.1946370932965231,-2.299709883011284,0.3055775627865092,-2.277040400203788,0.19214707303250167,-2.332162770851277,0.2584726472204458,-2.2866717601637134,0.19566759145078114,-2.3045825519000362,0.24370682854611417,-2.283555896890002,0.19436675224436828,-2.300881936407169,0.21651719497272362,-2.2865635318546307,0.18969578200859508,-2.3066704870438204,0.19770693972079717,-2.2985429084582716,0.18546684872727898,-2.3152175223178157,0.18961340063445706,-2.298443591321009,0.18441312876999572,-2.3006425902431302,0.18805398277983199,-2.2928276210883105,0.19185339885330227,-2.3184778508851154,0.16958270764956326,-2.276946295675681,0.19856732172536787,-2.290531291143173,0.18839483071008356
10,-2.3590197408587956,-2.320061320818374,0.18714388226757395,-2.3644031017918676,0.6185266528493739,-2.286305896743338,0.2071105267393269,-2.3489037807227353,0.4135857534131092,-2.3043808907764576,0.19069641687132788,-2.3924297374503816,0.3097948538032359,-2.2887241039561173,0.18989504051134967,-2.3429240960878346,0.2957405951596832,-2.3144537120711832,0.1756196781725171,-2.368405022857445,0.26082038283482245,-2.3063027929128572,0.18281063529310823,-2.364608060553903,0.22690171822875405,-2.2929441198145715,0.1930694967290025,-2.3536533732828047,0.21852985837268707,-2.297829235651606,0.19717450045818008,-2.3393609564426265,0.21982994699744546,-2.3156272557940487,0.17420584071489553,-2.3558641962151317,0.1938304677859839,-2.3098927301991985,0.18008732007354153,-2.3508666992286726,0.19153357390273515,-2.299226651674012,0.18338714235873044,-2.341832457268539,0.1718987026921406,-2.299204154367809,0.19177298042751006,-2.3531413146060083,0.17030578281567588
11,-2.4025254293536102,-2.3257734065156885,0.18984559100587806,-2.416431388041455,0.588353982810749,-2.3143915245330966,0.180426178500303,-2.406462708275998,0.4173826853601275,-2.324660102495792,0.1828984332588886,-2.4123917459334483,0.30777743705547256,-2.3198422550125697,0.18533447611286763,-2.3882700615374,0.31475650811241185,-2.3376557970248375,0.17825246325062916,-2.3957332920380536,0.27601112275109035,-2.3162455296454882,0.19369460727780408,-2.391786980045624,0.2606661033903857,-2.322640323393456,0.18651572077782108,-2.418439389261987,0.23211394883571887,-2.3136652267494218,0.18580822308754752,-2.402207668712361,0.20114499574139924,-2.325661469035384,0.17964897368191915,-2.392635901097588,0.19196250751272337,-2.325611507271169,0.1806840956833316,-2.4057185546117346,0.1855489119863281,-2.3166864140460017,0.18839550229531632,-2.3904249950742633,0.17649810945649916,-2.303582763386859,0.18739916579398377,-2.412661533388842,0.1641862402779282
12,-2.4425467831903784,-2.3477128256562754,0.1789207325251787,-2.414683824799767,0.6288329034254554,-2.3306065791123554,0.18197865494352566,-2.4567293301235003,0.4330390792300203,-2.3503317226914913,0.17914450800584683,-2.4106855320371547,0.3841805050710273,-2.3160657881165485,0.17945373523752517,-2.4476302757825725,0.2907166378357103,-2.3354793210382776,0.18116510583264336,-2.420861339466655,0.262911689300296,-2.3277363870230907,0.18167839193142676,-2.4451972374022763,0.26623570836614824,-2.3367485603972895,0.18220933357117686,-2.4302096498945533,0.229172474937626,-2.3378619564625525,0.19017842372364,-2.437209051365062,0.2050159236919327,-2.3602189914196896,0.17934971060683666,-2.441109009114146,0.18557152890485984,-2.3400012106256884,0.18974136160037078,-2.436212241964379,0.195326775684032,-2.3178424239962405,0.18220074562993552,-2.443282139570052,0.1751378736178429,-2.3186473726909176,0.1955181647230737,-2.454639585635835,0.168543754684326
13,-2.4796007692672397,-2.3646225349895764,0.17590400806168266,-2.4573409037507745,0.6478957814741179,-2.34393654899236,0.18160250257102303,-2.500865600123811,0.4014897012661053,-2.3598654973818287,0.17128623227932613,-2.468610667655854,0.37116109683404236,-2.343909130881843,0.17006153802348978,-2.4893529656042195,0.28490231424822565,-2.358943023233101,0.18204626725932252,-2.4961872814329413,0.2648361009171788,-2.3594545338588726,0.16943582270146423,-2.512992242650196,0.2446392992727463,-2.356210929234838,0.17022712237845794,-2.4758378359647626,0.24781761096302668,-2.340607077686941,0.1738382351070898,-2.462198023502634,0.2029050400903589,-2.352651741407852,0.17962385740026104,-2.4930001450717856,0.20246066427102186,-2.3488326508015147,0.17066081627231264,-2.4870085378381885,0.19087516560959003,-2.349680718029226,0.17212669275509412,-2.463445961539591,0.19763168286263338,-2.3545721280839125,0.16993160952962183,-2.475303046760176,0.163043135506771
14,-2.5140972050107155,-2.3646926619943383,0.17693210577329457,-2.4452932646539685,0.63889528493581,-2.368213844384034,0.18008713454163044,-2.4875407670049756,0.4866063149645553,-2.370942601464354,0.17411164900440246,-2.4888725454177107,0.3356077072740476,-2.3644000222425374,0.17129074203542247,-2.51470512369649,0.31430896351687165,-2.3696970434332045,0.16782611013189386,-2.5187872606643538,0.26473404083476343,-2.367732280703019,0.17965046564885834,-2.489968079270605,0.2559729453626493,-2.3742482204252435,0.16676351854906468,-2.5006925180334125,0.23391231361244846,-2.355375833310783,0.17958939261120363,-2.5074032011390766,0.21180225081268722,-2.370664817283361,0.1657874431094824,-2.5115614863782323,0.19950787761333552,-2.3671125445514867,0.16607373223308716,-2.5199477722578787,0.19134828995076306,-2.361066079469738,0.16079501834856658,-2.521662072881979,0.17998321991003247,-2.3503140478976645,0.17926016209964504,-2.5102355719371605,0.18428077664274753
15,-2.546366465579501,-2.379056449936607,0.1744292552977649,-2.5260708022674363,0.6583711097456363,-2.3922699165133494,0.16631372596601104,-2.5273409609711144,0.46712861131103595,-2.377155265363496,0.17382188592952053,-2.547017804873864,0.3718150766299496,-2.36844497179278,0.16736603204541994,-2.5552122292850874,0.3193492315859202,-2.379763894348813,0.1687374350099295,-2.5670493820898495,0.2730001642301658,-2.3705969793663235,0.16882767005472085,-2.5367821030104394,0.2615275366997053,-2.367783982117727,0.1813931466277748,-2.542157077757497,0.23554822148355617,-2.369644763673414,0.18167829228970475,-2.536520489657061,0.2262897906129731,-2.3849278123431232,0.16083053757640073,-2.5501654497124617,0.21603231550182314,-2.369642291054757,0.16834175677831428,-2.5465856566787157,0.20487409187220826,-2.3740655892632785,0.17149558907374204,-2.5495012171354148,0.17372391597712178,-2.3627118911663887,0.18169391272841537,-2.553505832740657,0.18499940535111267
16,-2.5766787764877184,-2.3922994357277467,0.18281189626487607,-2.5691150476387725,0.6290715886674738,-2.3819318192756915,0.18334299692935527,-2.5755904184573524,0.45328883950013754,-2.3919161156953908,0.17468907273959938,-2.57025489787048,0.33014534170901216,-2.373535909944918,0.1764389235741213,-2.555679500997888,0.31897514440516667,-2.3878321961230067,0.1642581444841593,-2.544011303912494,0.29968732754116234,-2.3942277695526766,0.15581465589674323,-2.5691518472153425,0.25470508056412244,-2.380959382269805,0.17092469547068212,-2.571557346748496,0.23558745447991133,-2.394088103371898,0.1696769333613809,-2.5780905106464798,0.22019433730394633,-2.403437316318849,0.16475881255247982,-2.5905920694101887,0.20727070187238766,-2.387304204469217,0.17437320522817884,-2.584119386223671,0.20201362012315122,-2.3714409884268974,0.16513205597134126,-2.574388716601705,0.19344016865830477,-2.381768998982435,0.1758440030625555,-2.57890690286002,0.16304354395800502
17,-2.6052579834076925,-2.405790490573269,0.16933600243084562,-2.6332177695184686,0.5582935739391833,-2.3961480871013285,0.1682026579535521,-2.625689316681732,0.4314718741793349,-2.4090029880029995,0.16709039923837815,-2.6113257689604934,0.34979414241048346,-2.39346741236075,0.17057093088202638,-2.584247569719851,0.3366220362079517,-2.3935989151710393,0.16964445459550478,-2.5834689830439017,0.3061956749481543,-2.395827016737554,0.16947617785107758,-2.6141682409973357,0.23940877779828174,-2.3974728614730183,0.17582411055911173,-2.6055621525165455,0.24032068535982762,-2.3860903892218435,0.16649320463454553,-2.5914270249763613,0.23658546324031202,-2.3916903636291558,0.17327613379554704,-2.5976557255022614,0.20534873877264825,-2.405689928432657,0.16259731339066377,-2.621402532587874,0.19079791595824344,-2.404013131898196,0.1441415547254734,-2.5888791759660603,0.18981753022788864,-2.368966454048237,0.1940243407340734,-2.5953601552103858,0.18696584085842977
18,-2.6322915940428304,-2.4208675046937125,0.16961242570860072,-2.611118628556147,0.6776416268491546,-2.399360109209897,0.17660911889442504,-2.625909745756278,0.47651640185063243,-2.415091403185178,0.17657333409622053,-2.6079261011049053,0.40888459021093737,-2.425696016880431,0.15951691921989156,-2.644402388036305,0.3428856259248567,-2.418227160899638,0.16767587852852034,-2.647377865361586,0.2838440145201114,-2.4172005853429988,0.165624785839214,-2.611235407070812,0.27948752278824085,-2.4186716767353253,0.15981813893979702,-2.629997102688963,0.2449923454037503,-2.4194547704470506,0.16243038651958192,-2.6190562515058358,0.2272574509705162,-2.426827829903231,0.17040233782550948,-2.6191272093867246,0.21481656717326694,-2.410689992522131,0.16494536008665925,-2.6418884958663322,0.21906002761123053,-2.413961353600356,0.16755414935791801,-2.6417638718534735,0.19262669372424496,-2.393871847289228,0.19416409341385807,-2.6366830559015044,0.18760600310114348
19,-2.6579382412366055,-2.4428103935189562,0.16224500127582236,-2.6496768136382625,0.6253494584254933,-2.4308847810761605,0.17057843128615252,-2.6102980619883267,0.5177705806686842,-2.4293300870525023,0.17442514274693338,-2.652442035595486,0.40581715793559053,-2.4217834719115015,0.1622226171370067,-2.6774787732176573,0.31149708509957397,-2.428228334804042,0.17162282463414602,-2.640494442480814,0.30622413851343294,-2.4255095145901917,0.16147824579630266,-2.638577031462532,0.2905123632567963,-2.4147738401378223,0.1832698396609281,-2.6543748071802624,0.2553118444752175,-2.425131903592217,0.16218974836312086,-2.6196242754001244,0.2579110254000713,-2.4367152707410926,0.15904892075389299,-2.6596036647468986,0.22179368577019853,-2.4281254357465496,0.1556414303821269,-2.6561310706304884,0.21851289889570555,-2.4273455476931125,0.1615228817107141,-2.6284353558533176,0.20294872397913916,-2.4245266436585915,0.1808509541990061,-2.6679444626348845,0.17646276973429614
20,-2.6823333233213216,-2.4436400097470736,0.16601002747225868,-2.69453202476011,0.6660332665519928,-2.43791538956323,0.1766945796823757,-2.7020853692178646,0.4733159464856433,-2.436238325900824,0.18084644727644372,-2.709807458410421,0.36721129900168015,-2.4459813054425084,0.15678055025173362,-2.6803733798270684,0.3345661671960526,-2.446995742669941,0.15408272216084976,-2.671379213785303,0.31214396066668043,-2.4531280913989737,0.15289928885996262,-2.653543395621719,0.27856325593887565,-2.457959211693939,0.15797554316932075,-2.6992506771017286,0.24450488827516723,-2.4347082776467683,0.17036453442652721,-2.6696798392465837,0.2329578259074066,-2.445740819503171,0.16397754006433,-2.6907453112923707,0.2305013063397215,-2.4351246449828734,0.17397547432021876,-2.702976701150266,0.20942437316869353,-2.44355087539964,0.16259257819068085,-2.685443145993057,0.2149271218831826,-2.4482243360600604,0.17240136371834502,-2.6821457055606643,0.1980244206607065
21,-2.7055933311387683,-2.4591609710155398,0.1676729810981694,-2.691865383476508,0.7319618484134892,-2.457094205672653,0.1611559486768598,-2.7190352958007464,0.48371552960893494,-2.457764304361361,0.16632945878524488,-2.7435916780439573,0.3618448758508005,-2.45879096327354,0.1688539680821647,-2.6896332918139834,0.3716398727751604,-2.4645722471790243,0.1627824414759884,-2.696905787993349,0.319911486741904,-2.4589371358915026,0.17120202360034753,-2.691377817701126,0.2652858142672669,-2.4616386593883672,0.16093779198870736,-2.702503380101267,0.25803625923754975,-2.4585818066089837,0.16753627411921307,-2.694990358784156,0.2358520438509284,-2.4718421618602826,0.17603758619262408,-2.7077328758312,0.23291561870238545,-2.46129617037846,0.16615218131621917,-2.708039399234553,0.21670578454249545,-2.454799058712999,0.17585849927042205,-2.692122038094481,0.21266861780969173,-2.474676988077751,0.14588763234168337,-2.6992269642685733,0.2125813374908348
22,-2.727819212424185,-2.4810587439579517,0.17650603239833046,-2.7397859139140177,0.6860166089841327,-2.4885784710559955,0.15804618122133127,-2.7299775824181327,0.5064298813505872,-2.4783656472140865,0.16534444328563347,-2.742689032232091,0.38019842873495785,-2.481145075101971,0.16755783222700607,-2.7128227759448813,0.3607786615297063,-2.47764576157334,0.16163667275375943,-2.7237374620732244,0.29541548943775436,-2.4955796542404567,0.15608257712856108,-2.693182457566094,0.28202799998378414,-2.4725832886162955,0.1672118597428527,-2.722616600308499,0.26211153746929217,-2.474314094369121,0.17710928510452725,-2.7207653054377023,0.24920009454014103,-2.4977653458935283,0.15886299208640678,-2.741542242990342,0.22005955457974405,-2.4822923537894277,0.16922836736052857,-2.737769650920252,0.21341608123869446,-2.480224929324932,0.16519943065621537,-2.720111468212742,0.2113572195711563,-2.468084904850305,0.17722346467554834,-2.738968201415955,0.20084783672517292
23,-2.749099019633583,-2.506890070004215,0.16339232463573314,-2.7372388310615725,0.7552219645834248,-2.5170646890912907,0.16057157655633453,-2.7873428494966164,0.48867822956012846,-2.4867223943976313,0.18253594124750255,-2.7431174618319254,0.3881455094286199,-2.511619659590368,0.1520896854205569,-2.7519321869744084,0.37538273492117097,-2.504242088271675,0.15677442062814095,-2.765232046162666,0.3153311036660083,-2.510035302370053,0.17014013376391968,-2.716224230862525,0.29311212813167553,-2.501011922322894,0.16566918923350912,-2.743863376984228,0.26833815642759334,-2.491580109443834,0.1762839607969471,-2.7262813874398675,0.25267309914311475,-2.5352310608783237,0.15136439271287652,-2.772492035382065,0.22845187767134253,-2.498000587936017,0.16118727557367019,-2.75427833339302,0.22108082795805717,-2.505647146090826,0.1515525847564445,-2.7601124488848403,0.20995723258534496,-2.490401602481319,0.17479223505280697,-2.7478918332954563,0.21152716059838672
24,-2.769510016893711,-2.5555626586022377,0.1539500745103079,-2.7057563695840567,0.8086084478621585,-2.54861495083534,0.1580228003922122,-2.7839860626570436,0.5126776228202895,-2.551983118159021,0.1531768965939053,-2.7784399983245343,0.40745827247152416,-2.553607826940542,0.15356899510370095,-2.7618500264260284,0.37771241163672103,-2.5463700309674726,0.14759101706983985,-2.7663342429359377,0.32580322730221717,-2.5520454945131594,0.15674591377309172,-2.764705446165366,0.30093093437191176,-2.557273888679936,0.1493479941085636,-2.761935801495271,0.2697148291157612,-2.5546773890101773,0.16783024103031677,-2.7807356361272237,0.25851814752826624,-2.5574414398135588,0.1581495357730387,-2.786712595210061,0.2191246976188743,-2.539845397091683,0.1674289697627509,-2.7800742143641797,0.2326011761157363,-2.5535521072914507,0.1515488284591435,-2.7661311183223902,0.21968446920985782,-2.5297720925368243,0.1660571003603169,-2.790490919812984,0.21485866926927474
