dataset,top_x,n_sessions_requested,n_sessions_used,policy_temperature,estimator,position,examination,relative_position_bias_logit
MSLR30K,25,1000,1000,0.5,adjacent_chain,0,1.0,0.0
MSLR30K,25,1000,1000,0.5,adjacent_chain,1,0.0,-13.815510557964274
MSLR30K,25,1000,1000,0.5,adjacent_chain,2,0.0,-13.815510557964274
MSLR30K,25,1000,1000,0.5,adjacent_chain,3,0.0,-13.815510557964274
MSLR30K,25,1000,1000,0.5,adjacent_chain,4,0.0,-13.815510557964274
MSLR30K,25,1000,1000,0.5,adjacent_chain,5,0.0,-13.815510557964274
MSLR30K,25,1000,1000,0.5,adjacent_chain,6,0.0,-13.815510557964274
MSLR30K,25,1000,1000,0.5,adjacent_chain,7,0.0,-13.815510557964274
MSLR30K,25,1000,1000,0.5,adjacent_chain,8,0.0,-13.815510557964274
MSLR30K,25,1000,1000,0.5,adjacent_chain,9,0.0,-13.815510557964274
MSLR30K,25,1000,1000,0.5,adjacent_chain,10,0.0,-13.815510557964274
MSLR30K,25,1000,1000,0.5,adjacent_chain,11,0.0,-13.815510557964274
MSLR30K,25,1000,1000,0.5,adjacent_chain,12,0.0,-13.815510557964274
MSLR30K,25,1000,1000,0.5,adjacent_chain,13,0.0,-13.815510557964274
MSLR30K,25,1000,1000,0.5,adjacent_chain,14,0.0,-13.815510557964274
MSLR30K,25,1000,1000,0.5,adjacent_chain,15,0.0,-13.815510557964274
MSLR30K,25,1000,1000,0.5,adjacent_chain,16,0.0,-13.815510557964274
MSLR30K,25,1000,1000,0.5,adjacent_chain,17,0.0,-13.815510557964274
MSLR30K,25,1000,1000,0.5,adjacent_chain,18,0.0,-13.815510557964274
MSLR30K,25,1000,1000,0.5,adjacent_chain,19,0.0,-13.815510557964274
MSLR30K,25,1000,1000,0.5,adjacent_chain,20,0.0,-13.815510557964274
MSLR30K,25,1000,1000,0.5,adjacent_chain,21,0.0,-13.815510557964274
MSLR30K,25,1000,1000,0.5,adjacent_chain,22,0.0,-13.815510557964274
MSLR30K,25,1000,1000,0.5,adjacent_chain,23,0.0,-13.815510557964274
MSLR30K,25,1000,1000,0.5,adjacent_chain,24,0.0,-13.815510557964274
MSLR30K,25,1000,1000,0.5,ctr,0,1.0,0.0
MSLR30K,25,1000,1000,0.5,ctr,1,0.3256268316509281,-1.1220032414586851
MSLR30K,25,1000,1000,0.5,ctr,2,0.3814298169136879,-0.9638284113317016
MSLR30K,25,1000,1000,0.5,ctr,3,0.1095320244256414,-2.211538311975678
MSLR30K,25,1000,1000,0.5,ctr,4,0.1922654361678752,-1.6488783816590276
MSLR30K,25,1000,1000,0.5,ctr,5,0.1374721618872178,-1.9843338413751537
MSLR30K,25,1000,1000,0.5,ctr,6,0.1100897231243463,-2.2064595808966625
MSLR30K,25,1000,1000,0.5,ctr,7,0.1926570154676061,-1.6468437929612398
MSLR30K,25,1000,1000,0.5,ctr,8,0.1102019450643304,-2.20544073210756
MSLR30K,25,1000,1000,0.5,ctr,9,0.0,-13.815510557964274
MSLR30K,25,1000,1000,0.5,ctr,10,0.0554969754148398,-2.891426756744677
MSLR30K,25,1000,1000,0.5,ctr,11,0.0555540123885447,-2.890399535288147
MSLR30K,25,1000,1000,0.5,ctr,12,0.0278916687585418,-3.5794272455528535
MSLR30K,25,1000,1000,0.5,ctr,13,0.027978288847854,-3.576326467874605
MSLR30K,25,1000,1000,0.5,ctr,14,0.0,-13.815510557964274
MSLR30K,25,1000,1000,0.5,ctr,15,0.0,-13.815510557964274
MSLR30K,25,1000,1000,0.5,ctr,16,0.0281825099343347,-3.5690537085455256
MSLR30K,25,1000,1000,0.5,ctr,17,0.0,-13.815510557964274
MSLR30K,25,1000,1000,0.5,ctr,18,0.0567794685441744,-2.8685804878935075
MSLR30K,25,1000,1000,0.5,ctr,19,0.0854384416028251,-2.4599591436039057
MSLR30K,25,1000,1000,0.5,ctr,20,0.0,-13.815510557964274
MSLR30K,25,1000,1000,0.5,ctr,21,0.0286000286000286,-3.55434756115583
MSLR30K,25,1000,1000,0.5,ctr,22,0.0286303252404947,-3.553288799807588
MSLR30K,25,1000,1000,0.5,ctr,23,0.0860733344809778,-2.4525556195703406
MSLR30K,25,1000,1000,0.5,ctr,24,0.0288134616492825,-3.546912582668312
MSLR30K,25,1000,1000,0.5,global_all_pairs,0,1.0,0.0
MSLR30K,25,1000,1000,0.5,global_all_pairs,1,2.5087010860443115,0.9197651235967552
MSLR30K,25,1000,1000,0.5,global_all_pairs,2,1.5470843315124512,0.4363720830414497
MSLR30K,25,1000,1000,0.5,global_all_pairs,3,4.299593448638916,1.4585204714015243
MSLR30K,25,1000,1000,0.5,global_all_pairs,4,2.393730878829956,0.872853185958761
MSLR30K,25,1000,1000,0.5,global_all_pairs,5,3.272209405899048,1.185465416050529
MSLR30K,25,1000,1000,0.5,global_all_pairs,6,2.9300665855407715,1.0750251482112934
MSLR30K,25,1000,1000,0.5,global_all_pairs,7,2.6506543159484863,0.9748065211991332
MSLR30K,25,1000,1000,0.5,global_all_pairs,8,2.8933818340301514,1.0624260027772998
MSLR30K,25,1000,1000,0.5,global_all_pairs,9,5.6602325439453125,1.7334649768738108
MSLR30K,25,1000,1000,0.5,global_all_pairs,10,1.821096658706665,0.5994388793514198
MSLR30K,25,1000,1000,0.5,global_all_pairs,11,2.9410603046417236,1.0787701641701115
MSLR30K,25,1000,1000,0.5,global_all_pairs,12,3.81817626953125,1.339772892265936
MSLR30K,25,1000,1000,0.5,global_all_pairs,13,3.62061071395874,1.286642717121969
MSLR30K,25,1000,1000,0.5,global_all_pairs,14,2.867828130722046,1.0535549944152245
MSLR30K,25,1000,1000,0.5,global_all_pairs,15,0.5189845561981201,-0.6558811531026912
MSLR30K,25,1000,1000,0.5,global_all_pairs,16,0.3749450445175171,-0.9809758117042146
MSLR30K,25,1000,1000,0.5,global_all_pairs,17,2.9533920288085938,1.0829543500658103
MSLR30K,25,1000,1000,0.5,global_all_pairs,18,2.701599359512329,0.9938439530120272
MSLR30K,25,1000,1000,0.5,global_all_pairs,19,5.059831619262695,1.621333205920134
MSLR30K,25,1000,1000,0.5,global_all_pairs,20,2.979768753051758,1.0918456978592437
MSLR30K,25,1000,1000,0.5,global_all_pairs,21,3.331981420516968,1.20356714821371
MSLR30K,25,1000,1000,0.5,global_all_pairs,22,1.9926958084106443,0.6894883995818373
MSLR30K,25,1000,1000,0.5,global_all_pairs,23,1.4890413284301758,0.3981325091462198
MSLR30K,25,1000,1000,0.5,global_all_pairs,24,3.874840497970581,1.354504500144096
MSLR30K,25,1000,1000,0.5,pivot_one,0,1.0,0.0
MSLR30K,25,1000,1000,0.5,pivot_one,1,0.0,-13.815510557964274
MSLR30K,25,1000,1000,0.5,pivot_one,2,0.0,-13.815510557964274
MSLR30K,25,1000,1000,0.5,pivot_one,3,0.0,-13.815510557964274
MSLR30K,25,1000,1000,0.5,pivot_one,4,0.0,-13.815510557964274
MSLR30K,25,1000,1000,0.5,pivot_one,5,0.0,-13.815510557964274
MSLR30K,25,1000,1000,0.5,pivot_one,6,0.0,-13.815510557964274
MSLR30K,25,1000,1000,0.5,pivot_one,7,0.0,-13.815510557964274
MSLR30K,25,1000,1000,0.5,pivot_one,8,0.0,-13.815510557964274
MSLR30K,25,1000,1000,0.5,pivot_one,9,0.0,-13.815510557964274
MSLR30K,25,1000,1000,0.5,pivot_one,10,0.0,-13.815510557964274
MSLR30K,25,1000,1000,0.5,pivot_one,11,0.0,-13.815510557964274
MSLR30K,25,1000,1000,0.5,pivot_one,12,0.0,-13.815510557964274
MSLR30K,25,1000,1000,0.5,pivot_one,13,0.0,-13.815510557964274
MSLR30K,25,1000,1000,0.5,pivot_one,14,0.0,-13.815510557964274
MSLR30K,25,1000,1000,0.5,pivot_one,15,0.0,-13.815510557964274
MSLR30K,25,1000,1000,0.5,pivot_one,16,0.0,-13.815510557964274
MSLR30K,25,1000,1000,0.5,pivot_one,17,0.0,-13.815510557964274
MSLR30K,25,1000,1000,0.5,pivot_one,18,0.0,-13.815510557964274
MSLR30K,25,1000,1000,0.5,pivot_one,19,0.0,-13.815510557964274
MSLR30K,25,1000,1000,0.5,pivot_one,20,0.0,-13.815510557964274
MSLR30K,25,1000,1000,0.5,pivot_one,21,0.0,-13.815510557964274
MSLR30K,25,1000,1000,0.5,pivot_one,22,0.0,-13.815510557964274
MSLR30K,25,1000,1000,0.5,pivot_one,23,0.0,-13.815510557964274
MSLR30K,25,1000,1000,0.5,pivot_one,24,0.0,-13.815510557964274
MSLR30K,25,10000,10000,0.5,adjacent_chain,0,1.0,0.0
MSLR30K,25,10000,10000,0.5,adjacent_chain,1,0.0,-13.815510557964274
MSLR30K,25,10000,10000,0.5,adjacent_chain,2,0.0,-13.815510557964274
MSLR30K,25,10000,10000,0.5,adjacent_chain,3,0.0,-13.815510557964274
MSLR30K,25,10000,10000,0.5,adjacent_chain,4,0.0,-13.815510557964274
MSLR30K,25,10000,10000,0.5,adjacent_chain,5,0.0,-13.815510557964274
MSLR30K,25,10000,10000,0.5,adjacent_chain,6,0.0,-13.815510557964274
MSLR30K,25,10000,10000,0.5,adjacent_chain,7,0.0,-13.815510557964274
MSLR30K,25,10000,10000,0.5,adjacent_chain,8,0.0,-13.815510557964274
MSLR30K,25,10000,10000,0.5,adjacent_chain,9,0.0,-13.815510557964274
MSLR30K,25,10000,10000,0.5,adjacent_chain,10,0.0,-13.815510557964274
MSLR30K,25,10000,10000,0.5,adjacent_chain,11,0.0,-13.815510557964274
MSLR30K,25,10000,10000,0.5,adjacent_chain,12,0.0,-13.815510557964274
MSLR30K,25,10000,10000,0.5,adjacent_chain,13,0.0,-13.815510557964274
MSLR30K,25,10000,10000,0.5,adjacent_chain,14,0.0,-13.815510557964274
MSLR30K,25,10000,10000,0.5,adjacent_chain,15,0.0,-13.815510557964274
MSLR30K,25,10000,10000,0.5,adjacent_chain,16,0.0,-13.815510557964274
MSLR30K,25,10000,10000,0.5,adjacent_chain,17,0.0,-13.815510557964274
MSLR30K,25,10000,10000,0.5,adjacent_chain,18,0.0,-13.815510557964274
MSLR30K,25,10000,10000,0.5,adjacent_chain,19,0.0,-13.815510557964274
MSLR30K,25,10000,10000,0.5,adjacent_chain,20,0.0,-13.815510557964274
MSLR30K,25,10000,10000,0.5,adjacent_chain,21,0.0,-13.815510557964274
MSLR30K,25,10000,10000,0.5,adjacent_chain,22,0.0,-13.815510557964274
MSLR30K,25,10000,10000,0.5,adjacent_chain,23,0.0,-13.815510557964274
MSLR30K,25,10000,10000,0.5,adjacent_chain,24,0.0,-13.815510557964274
MSLR30K,25,10000,10000,0.5,ctr,0,1.0,0.0
MSLR30K,25,10000,10000,0.5,ctr,1,0.3980194551909697,-0.9212543925030332
MSLR30K,25,10000,10000,0.5,ctr,2,0.1916066698281767,-1.6523106028394947
MSLR30K,25,10000,10000,0.5,ctr,3,0.144052780938936,-1.9375755122652556
MSLR30K,25,10000,10000,0.5,ctr,4,0.1818582489831984,-1.704527747108605
MSLR30K,25,10000,10000,0.5,ctr,5,0.1072573543686456,-2.2325241513231524
MSLR30K,25,10000,10000,0.5,ctr,6,0.0887211253064911,-2.4222572522232237
MSLR30K,25,10000,10000,0.5,ctr,7,0.0861990476082727,-2.4510961500014528
MSLR30K,25,10000,10000,0.5,ctr,8,0.0620819924972562,-2.779299307983435
MSLR30K,25,10000,10000,0.5,ctr,9,0.0811918970486745,-2.510939826834816
MSLR30K,25,10000,10000,0.5,ctr,10,0.056956690132823,-2.8654641221899797
MSLR30K,25,10000,10000,0.5,ctr,11,0.038060874562775 7,-3.2685684388501355
MSLR30K,25,10000,10000,0.5,ctr,12,0.0626702655747871,-2.7698681770844003
MSLR30K,25,10000,10000,0.5,ctr,13,0.0546027377812723,-2.907671254974226
MSLR30K,25,10000,10000,0.5,ctr,14,0.0218772184866871,-3.8223094353464977
MSLR30K,25,10000,10000,0.5,ctr,15,0.0246833130930165,-3.701627846936103
MSLR30K,25,10000,10000,0.5,ctr,16,0.0549486477412534,-2.9013562073296977
MSLR30K,25,10000,10000,0.5,ctr,17,0.0330446879837948,-3.409894452265143
MSLR30K,25,10000,10000,0.5,ctr,18,0.0110413299061045,-4.506109782878745
MSLR30K,25,10000,10000,0.5,ctr,19,0.0387376184886905,-3.2509440971135923
MSLR30K,25,10000,10000,0.5,ctr,20,0.0360384935466146,-3.323167646599122
MSLR30K,25,10000,10000,0.5,ctr,21,0.030567782668623,-3.4878086786304454
MSLR30K,25,10000,10000,0.5,ctr,22,0.0306031434436103,-3.4866525483844786
MSLR30K,25,10000,10000,0.5,ctr,23,0.0250996455930042,-3.6849015527447126
MSLR30K,25,10000,10000,0.5,ctr,24,0.0139810942051719,-4.270049275913749
MSLR30K,25,10000,10000,0.5,global_all_pairs,0,1.0,0.0
MSLR30K,25,10000,10000,0.5,global_all_pairs,1,0.6113892197608948,-0.4920215017369587
MSLR30K,25,10000,10000,0.5,global_all_pairs,2,0.1410564482212066,-1.95859512672507
MSLR30K,25,10000,10000,0.5,global_all_pairs,3,0.1888304948806762,-1.666905518818499
MSLR30K,25,10000,10000,0.5,global_all_pairs,4,0.0963219329714775,-2.340059229397518
MSLR30K,25,10000,10000,0.5,global_all_pairs,5,0.2729588747024536,-1.298434137260395
MSLR30K,25,10000,10000,0.5,global_all_pairs,6,0.2465912103652954,-1.400023332174659
MSLR30K,25,10000,10000,0.5,global_all_pairs,7,0.1385838091373443,-1.9762800162408711
MSLR30K,25,10000,10000,0.5,global_all_pairs,8,0.0985588580369949,-2.317101365739346
MSLR30K,25,10000,10000,0.5,global_all_pairs,9,0.2164714038372039,-1.5302968241562604
MSLR30K,25,10000,10000,0.5,global_all_pairs,10,0.1643630415201187,-1.8056776299050088
MSLR30K,25,10000,10000,0.5,global_all_pairs,11,0.0014867975842207,-6.511130744360383
MSLR30K,25,10000,10000,0.5,global_all_pairs,12,0.0003217386256437,-8.041771063647417
MSLR30K,25,10000,10000,0.5,global_all_pairs,13,0.0502621829509735,-2.9905023146428817
MSLR30K,25,10000,10000,0.5,global_all_pairs,14,0.1080690920352935,-2.224984515337467
MSLR30K,25,10000,10000,0.5,global_all_pairs,15,0.0631613954901695,-2.7620619953142427
MSLR30K,25,10000,10000,0.5,global_all_pairs,16,0.1077993586659431,-2.2274835698204556
MSLR30K,25,10000,10000,0.5,global_all_pairs,17,0.0022232246119529,-6.108796609089476
MSLR30K,25,10000,10000,0.5,global_all_pairs,18,0.0009903805330395,-6.917421311881832
MSLR30K,25,10000,10000,0.5,global_all_pairs,19,0.0021396449301391,-6.147115384210413
MSLR30K,25,10000,10000,0.5,global_all_pairs,20,0.1045079156756401,-2.258492462353763
MSLR30K,25,10000,10000,0.5,global_all_pairs,21,0.0006951153627596,-7.271432736591955
MSLR30K,25,10000,10000,0.5,global_all_pairs,22,0.0005289279506541,-7.544658334523359
MSLR30K,25,10000,10000,0.5,global_all_pairs,23,0.0792125388979911,-2.535620673273873
MSLR30K,25,10000,10000,0.5,global_all_pairs,24,0.0909056961536407,-2.397932615805564
MSLR30K,25,10000,10000,0.5,pivot_one,0,1.0,0.0
MSLR30K,25,10000,10000,0.5,pivot_one,1,0.0,-13.815510557964274
MSLR30K,25,10000,10000,0.5,pivot_one,2,0.0,-13.815510557964274
MSLR30K,25,10000,10000,0.5,pivot_one,3,0.0,-13.815510557964274
MSLR30K,25,10000,10000,0.5,pivot_one,4,0.0,-13.815510557964274
MSLR30K,25,10000,10000,0.5,pivot_one,5,0.0,-13.815510557964274
MSLR30K,25,10000,10000,0.5,pivot_one,6,0.0,-13.815510557964274
MSLR30K,25,10000,10000,0.5,pivot_one,7,0.0,-13.815510557964274
MSLR30K,25,10000,10000,0.5,pivot_one,8,0.0,-13.815510557964274
MSLR30K,25,10000,10000,0.5,pivot_one,9,0.0,-13.815510557964274
MSLR30K,25,10000,10000,0.5,pivot_one,10,0.0,-13.815510557964274
MSLR30K,25,10000,10000,0.5,pivot_one,11,0.0,-13.815510557964274
MSLR30K,25,10000,10000,0.5,pivot_one,12,0.0,-13.815510557964274
MSLR30K,25,10000,10000,0.5,pivot_one,13,0.0,-13.815510557964274
MSLR30K,25,10000,10000,0.5,pivot_one,14,inf,inf
MSLR30K,25,10000,10000,0.5,pivot_one,15,0.0,-13.815510557964274
MSLR30K,25,10000,10000,0.5,pivot_one,16,0.0,-13.815510557964274
MSLR30K,25,10000,10000,0.5,pivot_one,17,0.0,-13.815510557964274
MSLR30K,25,10000,10000,0.5,pivot_one,18,0.0,-13.815510557964274
MSLR30K,25,10000,10000,0.5,pivot_one,19,0.0,-13.815510557964274
MSLR30K,25,10000,10000,0.5,pivot_one,20,0.0,-13.815510557964274
MSLR30K,25,10000,10000,0.5,pivot_one,21,0.0,-13.815510557964274
MSLR30K,25,10000,10000,0.5,pivot_one,22,0.0,-13.815510557964274
MSLR30K,25,10000,10000,0.5,pivot_one,23,inf,inf
MSLR30K,25,10000,10000,0.5,pivot_one,24,0.0,-13.815510557964274
MSLR30K,25,100000,100000,0.5,adjacent_chain,0,1.0,0.0
MSLR30K,25,100000,100000,0.5,adjacent_chain,1,0.4626489459211732,-0.770786728640124
MSLR30K,25,100000,100000,0.5,adjacent_chain,2,0.3297807569066214,-1.109327218325396
MSLR30K,25,100000,100000,0.5,adjacent_chain,3,0.3076784295820287,-1.1787001012172624
MSLR30K,25,100000,100000,0.5,adjacent_chain,4,0.189338735646731,-1.6642176159907534
MSLR30K,25,100000,100000,0.5,adjacent_chain,5,0.167747476318595,-1.7852955475439891
MSLR30K,25,100000,100000,0.5,adjacent_chain,6,0.2210319687962664,-1.509447932739211
MSLR30K,25,100000,100000,0.5,adjacent_chain,7,0.3507040571567427,-1.047812553163992
MSLR30K,25,100000,100000,0.5,adjacent_chain,8,0.4354307253995031,-0.8314195644595128
MSLR30K,25,100000,100000,0.5,adjacent_chain,9,0.0735939254196343,-2.609192791712828
MSLR30K,25,100000,100000,0.5,adjacent_chain,10,0.1174616770423183,-2.141643151428659
MSLR30K,25,100000,100000,0.5,adjacent_chain,11,0.0464952471625843,-3.0684051831701096
MSLR30K,25,100000,100000,0.5,adjacent_chain,12,0.0476977104512718,-3.0428718811649444
MSLR30K,25,100000,100000,0.5,adjacent_chain,13,0.0604170999049443,-2.8064831031007142
MSLR30K,25,100000,100000,0.5,adjacent_chain,14,0.1862860580402451,-1.68047184024449
MSLR30K,25,100000,100000,0.5,adjacent_chain,15,0.2049146638442697,-1.5851616604401653
MSLR30K,25,100000,100000,0.5,adjacent_chain,16,1.0655562519902024,0.0634969651472164
MSLR30K,25,100000,100000,0.5,adjacent_chain,17,2.9835575055725667,1.0931163823283747
MSLR30K,25,100000,100000,0.5,adjacent_chain,18,11.934230022290269,2.4794107434482653
MSLR30K,25,100000,100000,0.5,adjacent_chain,19,inf,inf
MSLR30K,25,100000,100000,0.5,adjacent_chain,20,inf,inf
MSLR30K,25,100000,100000,0.5,adjacent_chain,21,inf,inf
MSLR30K,25,100000,100000,0.5,adjacent_chain,22,inf,inf
MSLR30K,25,100000,100000,0.5,adjacent_chain,23,inf,inf
MSLR30K,25,100000,100000,0.5,adjacent_chain,24,inf,inf
MSLR30K,25,100000,100000,0.5,ctr,0,1.0,0.0
MSLR30K,25,100000,100000,0.5,ctr,1,0.4537304939359432,-0.7902518828980356
MSLR30K,25,100000,100000,0.5,ctr,2,0.2791332493764136,-1.2760660148423677
MSLR30K,25,100000,100000,0.5,ctr,3,0.1898498520472613,-1.6615217716185016
MSLR30K,25,100000,100000,0.5,ctr,4,0.1446235444117311,-1.933621158087787
MSLR30K,25,100000,100000,0.5,ctr,5,0.123685305027723,-2.090014801889212
MSLR30K,25,100000,100000,0.5,ctr,6,0.0948834905431643,-2.355105555379443
MSLR30K,25,100000,100000,0.5,ctr,7,0.094510149358233,-2.359048049633251
MSLR30K,25,100000,100000,0.5,ctr,8,0.0775952576465407,-2.556248966462738
MSLR30K,25,100000,100000,0.5,ctr,9,0.0679200315817697,-2.6894242719943215
MSLR30K,25,100000,100000,0.5,ctr,10,0.0613657989858728,-2.7909026187962453
MSLR30K,25,100000,100000,0.5,ctr,11,0.0545013309356167,-2.909530156774118
MSLR30K,25,100000,100000,0.5,ctr,12,0.053754956831483,-2.9233193961057644
MSLR30K,25,100000,100000,0.5,ctr,13,0.0479984303342587,-3.0365869699785573
MSLR30K,25,100000,100000,0.5,ctr,14,0.042522646813881,-3.1577184787655845
MSLR30K,25,100000,100000,0.5,ctr,15,0.0432001645062264,-3.141910975724822
MSLR30K,25,100000,100000,0.5,ctr,16,0.0294460632205033,-3.5251950545432154
MSLR30K,25,100000,100000,0.5,ctr,17,0.0362931623921057,-3.316125919307868
MSLR30K,25,100000,100000,0.5,ctr,18,0.0357717836829509,-3.3305958616217364
MSLR30K,25,100000,100000,0.5,ctr,19,0.03259206580824,-3.4236864003465577
MSLR30K,25,100000,100000,0.5,ctr,20,0.0299930286401737,-3.5067903029849603
MSLR30K,25,100000,100000,0.5,ctr,21,0.0279760249513761,-3.5764073873364093
MSLR30K,25,100000,100000,0.5,ctr,22,0.0283139941600211,-3.5643991032674944
MSLR30K,25,100000,100000,0.5,ctr,23,0.0298901496945923,-3.51022629451575
MSLR30K,25,100000,100000,0.5,ctr,24,0.0224682152942974,-3.795653622094308
MSLR30K,25,100000,100000,0.5,global_all_pairs,0,1.0,0.0
MSLR30K,25,100000,100000,0.5,global_all_pairs,1,0.4406166672706604,-0.8195800167532071
MSLR30K,25,100000,100000,0.5,global_all_pairs,2,0.2777570486068725,-1.281008473261908
MSLR30K,25,100000,100000,0.5,global_all_pairs,3,0.2248064875602722,-1.4925153021251414
MSLR30K,25,100000,100000,0.5,global_all_pairs,4,0.1664389818906784,-1.7931265118611208
MSLR30K,25,100000,100000,0.5,global_all_pairs,5,0.1301318407058715,-2.039207183162708
MSLR30K,25,100000,100000,0.5,global_all_pairs,6,0.1040309742093086,-2.263066595247338
MSLR30K,25,100000,100000,0.5,global_all_pairs,7,0.1209277734160423,-2.11256182552644
MSLR30K,25,100000,100000,0.5,global_all_pairs,8,0.111169084906578,-2.196702949248606
MSLR30K,25,100000,100000,0.5,global_all_pairs,9,0.0935052186250686,-2.3697380300731914
MSLR30K,25,100000,100000,0.5,global_all_pairs,10,0.0842858403921127,-2.4735413949611957
MSLR30K,25,100000,100000,0.5,global_all_pairs,11,0.0676327720284462,-2.693662620087325
MSLR30K,25,100000,100000,0.5,global_all_pairs,12,0.0723864585161209,-2.6257360341542335
MSLR30K,25,100000,100000,0.5,global_all_pairs,13,0.0727502554655075,-2.620722861383333
MSLR30K,25,100000,100000,0.5,global_all_pairs,14,0.0491956919431686,-3.0119492214483805
MSLR30K,25,100000,100000,0.5,global_all_pairs,15,0.0551509857177734,-2.897680660046642
MSLR30K,25,100000,100000,0.5,global_all_pairs,16,0.0333393067121505,-3.4010181963522848
MSLR30K,25,100000,100000,0.5,global_all_pairs,17,0.0520917326211929,-2.954749025708848
MSLR30K,25,100000,100000,0.5,global_all_pairs,18,0.0468175075948238,-3.061498052107723
MSLR30K,25,100000,100000,0.5,global_all_pairs,19,0.0510283932089805,-2.9753730715863793
MSLR30K,25,100000,100000,0.5,global_all_pairs,20,0.0557982809841632,-2.886012216804834
MSLR30K,25,100000,100000,0.5,global_all_pairs,21,0.0502076372504234,-2.9915881273934133
MSLR30K,25,100000,100000,0.5,global_all_pairs,22,0.0335503071546554,-3.394709260475044
MSLR30K,25,100000,100000,0.5,global_all_pairs,23,0.0388709008693695,-3.247509357917074
MSLR30K,25,100000,100000,0.5,global_all_pairs,24,0.035683523863554,-3.333066213155087
MSLR30K,25,100000,100000,0.5,pivot_one,0,1.0,0.0
MSLR30K,25,100000,100000,0.5,pivot_one,1,0.4626489459211732,-0.770786728640124
MSLR30K,25,100000,100000,0.5,pivot_one,2,0.4310379522678794,-0.8415591364491335
MSLR30K,25,100000,100000,0.5,pivot_one,3,0.2301290760869565,-1.4691149270949109
MSLR30K,25,100000,100000,0.5,pivot_one,4,0.2622991144637586,-1.3382697681586275
MSLR30K,25,100000,100000,0.5,pivot_one,5,0.1339620024961864,-2.0101990827042413
MSLR30K,25,100000,100000,0.5,pivot_one,6,0.1383989145183175,-1.9776150789050655
MSLR30K,25,100000,100000,0.5,pivot_one,7,0.1688176248207535,-1.7789362898256582
MSLR30K,25,100000,100000,0.5,pivot_one,8,0.1062499999999999,-2.241960471177611
MSLR30K,25,100000,100000,0.5,pivot_one,9,0.0688504960656859,-2.675817848812573
MSLR30K,25,100000,100000,0.5,pivot_one,10,0.0223401284557386,-3.801370735324551
MSLR30K,25,100000,100000,0.5,pivot_one,11,0.082047915982934,-2.5004518611234627
MSLR30K,25,100000,100000,0.5,pivot_one,12,0.0805767599660729,-2.51854500893683
MSLR30K,25,100000,100000,0.5,pivot_one,13,0.0935672514619883,-2.3690748342628787
MSLR30K,25,100000,100000,0.5,pivot_one,14,0.0367181011496262,-3.304485426178424
MSLR30K,25,100000,100000,0.5,pivot_one,15,0.0753933566433566,-2.585036116028274
MSLR30K,25,100000,100000,0.5,pivot_one,16,0.0200267022696929,-3.910688782415009
MSLR30K,25,100000,100000,0.5,pivot_one,17,0.0522973477773627,-2.950809620911048
MSLR30K,25,100000,100000,0.5,pivot_one,18,0.022915340547422,-3.7759486997995113
MSLR30K,25,100000,100000,0.5,pivot_one,19,0.0126953420185593,-4.366520122986404
MSLR30K,25,100000,100000,0.5,pivot_one,20,0.0079124357114598,-4.839319616478835
MSLR30K,25,100000,100000,0.5,pivot_one,21,0.0680106873937333,-2.688090418600655
MSLR30K,25,100000,100000,0.5,pivot_one,22,0.0194111937884179,-3.941905379910016
MSLR30K,25,100000,100000,0.5,pivot_one,23,0.0207828195358503,-3.8736286174408345
MSLR30K,25,100000,100000,0.5,pivot_one,24,0.0,-13.815510557964274
MSLR30K,25,1000000,1000000,0.5,adjacent_chain,0,1.0,0.0
MSLR30K,25,1000000,1000000,0.5,adjacent_chain,1,0.5239021842898088,-0.6464502832889872
MSLR30K,25,1000000,1000000,0.5,adjacent_chain,2,0.34304902498053935,-1.0698819120572944
MSLR30K,25,1000000,1000000,0.5,adjacent_chain,3,0.25360889674108616,-1.3719619752478005
MSLR30K,25,1000000,1000000,0.5,adjacent_chain,4,0.20277426235776275,-1.5956619267699226
MSLR30K,25,1000000,1000000,0.5,adjacent_chain,5,0.19792672307052261,-1.6198584022885532
MSLR30K,25,1000000,1000000,0.5,adjacent_chain,6,0.1707735135634595,-1.7674170824661686
MSLR30K,25,1000000,1000000,0.5,adjacent_chain,7,0.15374352764119506,-1.872469469824232
MSLR30K,25,1000000,1000000,0.5,adjacent_chain,8,0.14195195877455777,-1.9522665971125173
MSLR30K,25,1000000,1000000,0.5,adjacent_chain,9,0.12643198832153382,-2.068050757122705
MSLR30K,25,1000000,1000000,0.5,adjacent_chain,10,0.12653789798105428,-2.067213426899283
MSLR30K,25,1000000,1000000,0.5,adjacent_chain,11,0.09779569674924837,-2.3248747034283492
MSLR30K,25,1000000,1000000,0.5,adjacent_chain,12,0.09711181427326962,-2.3318922398887763
MSLR30K,25,1000000,1000000,0.5,adjacent_chain,13,0.09147026789331629,-2.3917413005620984
MSLR30K,25,1000000,1000000,0.5,adjacent_chain,14,0.10360958004470584,-2.267125481957983
MSLR30K,25,1000000,1000000,0.5,adjacent_chain,15,0.08311194741319623,-2.487566815936262
MSLR30K,25,1000000,1000000,0.5,adjacent_chain,16,0.09234574228536557,-2.3822156775105374
MSLR30K,25,1000000,1000000,0.5,adjacent_chain,17,0.08597886863635869,-2.453653726451858
MSLR30K,25,1000000,1000000,0.5,adjacent_chain,18,0.08413605285718263,-2.4753201135295755
MSLR30K,25,1000000,1000000,0.5,adjacent_chain,19,0.08559189632062891,-2.458164669467379
MSLR30K,25,1000000,1000000,0.5,adjacent_chain,20,0.06780394555618888,-2.691134891684911
MSLR30K,25,1000000,1000000,0.5,adjacent_chain,21,0.06420192033505184,-2.7457221569726373
MSLR30K,25,1000000,1000000,0.5,adjacent_chain,22,0.04367520332926695,-3.130974767465883
MSLR30K,25,1000000,1000000,0.5,adjacent_chain,23,0.03494891767248156,-3.35386777866505
MSLR30K,25,1000000,1000000,0.5,adjacent_chain,24,0.038335706095494866,-3.261373543059263
MSLR30K,25,1000000,1000000,0.5,ctr,0,1.0,0.0
MSLR30K,25,1000000,1000000,0.5,ctr,1,0.5025708708119495,-0.6880186125519195
MSLR30K,25,1000000,1000000,0.5,ctr,2,0.33843361232347036,-1.0834273289856715
MSLR30K,25,1000000,1000000,0.5,ctr,3,0.24124065889364243,-1.4219602591245102
MSLR30K,25,1000000,1000000,0.5,ctr,4,0.1932714981863355,-1.6436593522357634
MSLR30K,25,1000000,1000000,0.5,ctr,5,0.15782623768215956,-1.846260612641918
MSLR30K,25,1000000,1000000,0.5,ctr,6,0.131574931125119,-2.028178771207231
MSLR30K,25,1000000,1000000,0.5,ctr,7,0.11999221673935727,-2.1203283988089807
MSLR30K,25,1000000,1000000,0.5,ctr,8,0.10629967915420566,-2.2414930119435343
MSLR30K,25,1000000,1000000,0.5,ctr,9,0.09427518588574434,-2.3615372641001287
MSLR30K,25,1000000,1000000,0.5,ctr,10,0.08664863510385737,-2.4458940147754276
MSLR30K,25,1000000,1000000,0.5,ctr,11,0.07603802540681008,-2.5765217295211444
MSLR30K,25,1000000,1000000,0.5,ctr,12,0.07002817714326322,-2.658857587308447
MSLR30K,25,1000000,1000000,0.5,ctr,13,0.06321053000287007,-2.761284377738428
MSLR30K,25,1000000,1000000,0.5,ctr,14,0.06562588880904749,-2.7237850144051508
MSLR30K,25,1000000,1000000,0.5,ctr,15,0.057324311518537924,-2.859030460453546
MSLR30K,25,1000000,1000000,0.5,ctr,16,0.05651641949997463,-2.8732240724298084
MSLR30K,25,1000000,1000000,0.5,ctr,17,0.051947861037150656,-2.957514735775396
MSLR30K,25,1000000,1000000,0.5,ctr,18,0.04766434605092259,-3.043571622821835
MSLR30K,25,1000000,1000000,0.5,ctr,19,0.047629364231824435,-3.044305812320087
MSLR30K,25,1000000,1000000,0.5,ctr,20,0.04448608604689914,-3.112578811805759
MSLR30K,25,1000000,1000000,0.5,ctr,21,0.04305628444302453,-3.1452470786689695
MSLR30K,25,1000000,1000000,0.5,ctr,22,0.040750602228832554,-3.20028466078281
MSLR30K,25,1000000,1000000,0.5,ctr,23,0.03996011365169229,-3.219873481069385
MSLR30K,25,1000000,1000000,0.5,ctr,24,0.03725793678871503,-3.28989028869894
MSLR30K,25,1000000,1000000,0.5,global_all_pairs,0,1.0,0.0
MSLR30K,25,1000000,1000000,0.5,global_all_pairs,1,0.5059018731117249,-0.6814125551575473
MSLR30K,25,1000000,1000000,0.5,global_all_pairs,2,0.34461259841918945,-1.0653343960116426
MSLR30K,25,1000000,1000000,0.5,global_all_pairs,3,0.25859102606773376,-1.3525075152274288
MSLR30K,25,1000000,1000000,0.5,global_all_pairs,4,0.2073545753955841,-1.5733250264826362
MSLR30K,25,1000000,1000000,0.5,global_all_pairs,5,0.17563886940479279,-1.7393252703123396
MSLR30K,25,1000000,1000000,0.5,global_all_pairs,6,0.14119473099708557,-1.9576152705039136
MSLR30K,25,1000000,1000000,0.5,global_all_pairs,7,0.12544547021389008,-2.075884115120629
MSLR30K,25,1000000,1000000,0.5,global_all_pairs,8,0.11831241101026535,-2.134426602171227
MSLR30K,25,1000000,1000000,0.5,global_all_pairs,9,0.10674231499433517,-2.2373376201502415
MSLR30K,25,1000000,1000000,0.5,global_all_pairs,10,0.09634057432413101,-2.339865716368197
MSLR30K,25,1000000,1000000,0.5,global_all_pairs,11,0.08050433546304703,-2.5194442393240246
MSLR30K,25,1000000,1000000,0.5,global_all_pairs,12,0.07406076043844223,-2.6028694356795192
MSLR30K,25,1000000,1000000,0.5,global_all_pairs,13,0.07005278021097183,-2.658506318036359
MSLR30K,25,1000000,1000000,0.5,global_all_pairs,14,0.07474541664123535,-2.59366738442755
MSLR30K,25,1000000,1000000,0.5,global_all_pairs,15,0.060426775366067886,-2.8063229715074085
MSLR30K,25,1000000,1000000,0.5,global_all_pairs,16,0.06043850630521774,-2.806128855562375
MSLR30K,25,1000000,1000000,0.5,global_all_pairs,17,0.05559214949607849,-2.889713283808406
MSLR30K,25,1000000,1000000,0.5,global_all_pairs,18,0.050353094935417175,-2.988695193277334
MSLR30K,25,1000000,1000000,0.5,global_all_pairs,19,0.05437212437391281,-2.9119036760492194
MSLR30K,25,1000000,1000000,0.5,global_all_pairs,20,0.047845207154750824,-3.0397843300549683
MSLR30K,25,1000000,1000000,0.5,global_all_pairs,21,0.04828986898064613,-3.0305334922781237
MSLR30K,25,1000000,1000000,0.5,global_all_pairs,22,0.04431603103876114,-3.116408792927685
MSLR30K,25,1000000,1000000,0.5,global_all_pairs,23,0.04350806027650833,-3.1348090643394233
MSLR30K,25,1000000,1000000,0.5,global_all_pairs,24,0.040455132722854614,-3.2075617529749136
MSLR30K,25,1000000,1000000,0.5,pivot_one,0,1.0,0.0
MSLR30K,25,1000000,1000000,0.5,pivot_one,1,0.5239021842898088,-0.6464502832889872
MSLR30K,25,1000000,1000000,0.5,pivot_one,2,0.35081144478234044,-1.0475063942091587
MSLR30K,25,1000000,1000000,0.5,pivot_one,3,0.25097030489893557,-1.3824206540247546
MSLR30K,25,1000000,1000000,0.5,pivot_one,4,0.21256769516419105,-1.5484947758703276
MSLR30K,25,1000000,1000000,0.5,pivot_one,5,0.18169421294212704,-1.705430153607708
MSLR30K,25,1000000,1000000,0.5,pivot_one,6,0.1410010090297462,-1.95898823239024
MSLR30K,25,1000000,1000000,0.5,pivot_one,7,0.12383074834573499,-2.088839578441928
MSLR30K,25,1000000,1000000,0.5,pivot_one,8,0.1084299524671763,-2.221650913871505
MSLR30K,25,1000000,1000000,0.5,pivot_one,9,0.10954934657187966,-2.211380177614957
MSLR30K,25,1000000,1000000,0.5,pivot_one,10,0.09485008212283404,-2.355457716783523
MSLR30K,25,1000000,1000000,0.5,pivot_one,11,0.08280522354778017,-2.4912641332549343
MSLR30K,25,1000000,1000000,0.5,pivot_one,12,0.06907817734132309,-2.6725164108038695
MSLR30K,25,1000000,1000000,0.5,pivot_one,13,0.07509358948548833,-2.5890200835692663
MSLR30K,25,1000000,1000000,0.5,pivot_one,14,0.07876451375618836,-2.5412927165919763
MSLR30K,25,1000000,1000000,0.5,pivot_one,15,0.061887804923603046,-2.7824321312438687
MSLR30K,25,1000000,1000000,0.5,pivot_one,16,0.05329560506974749,-2.9319014076875933
MSLR30K,25,1000000,1000000,0.5,pivot_one,17,0.056943504415179626,-2.8656956532730407
MSLR30K,25,1000000,1000000,0.5,pivot_one,18,0.05251435350792427,-2.946668746600631
MSLR30K,25,1000000,1000000,0.5,pivot_one,19,0.058498627849544446,-2.8387519805827552
MSLR30K,25,1000000,1000000,0.5,pivot_one,20,0.05151168721860467,-2.965946560775004
MSLR30K,25,1000000,1000000,0.5,pivot_one,21,0.049070148524180575,-3.0145044021031535
MSLR30K,25,1000000,1000000,0.5,pivot_one,22,0.042419835099275154,-3.160139217187547
MSLR30K,25,1000000,1000000,0.5,pivot_one,23,0.0425004931949339,-3.1582395985324188
MSLR30K,25,1000000,1000000,0.5,pivot_one,24,0.04850524477961895,-3.026083347099427
YahooC14,25,10000,10000,0.5,adjacent_chain,0,1.0,0.0
YahooC14,25,10000,10000,0.5,adjacent_chain,1,0.5666666666666667,-0.5679840376059393
YahooC14,25,10000,10000,0.5,adjacent_chain,2,1.1333333333333333,0.125163142954006
YahooC14,25,10000,10000,0.5,adjacent_chain,3,1.1333333333333333,0.125163142954006
YahooC14,25,10000,10000,0.5,adjacent_chain,4,0.001,-6.907755278982137
YahooC14,25,10000,10000,0.5,adjacent_chain,5,0.001,-6.907755278982137
YahooC14,25,10000,10000,0.5,adjacent_chain,6,0.001,-6.907755278982137
YahooC14,25,10000,10000,0.5,adjacent_chain,7,0.001,-6.907755278982137
YahooC14,25,10000,10000,0.5,adjacent_chain,8,0.001,-6.907755278982137
YahooC14,25,10000,10000,0.5,adjacent_chain,9,0.001,-6.907755278982137
YahooC14,25,10000,10000,0.5,adjacent_chain,10,0.001,-6.907755278982137
YahooC14,25,10000,10000,0.5,adjacent_chain,11,0.001,-6.907755278982137
YahooC14,25,10000,10000,0.5,adjacent_chain,12,0.001,-6.907755278982137
YahooC14,25,10000,10000,0.5,adjacent_chain,13,0.001,-6.907755278982137
YahooC14,25,10000,10000,0.5,adjacent_chain,14,0.001,-6.907755278982137
YahooC14,25,10000,10000,0.5,adjacent_chain,15,0.001,-6.907755278982137
YahooC14,25,10000,10000,0.5,adjacent_chain,16,0.001,-6.907755278982137
YahooC14,25,10000,10000,0.5,adjacent_chain,17,0.001,-6.907755278982137
YahooC14,25,10000,10000,0.5,adjacent_chain,18,0.001,-6.907755278982137
YahooC14,25,10000,10000,0.5,adjacent_chain,19,0.001,-6.907755278982137
YahooC14,25,10000,10000,0.5,adjacent_chain,20,0.001,-6.907755278982137
YahooC14,25,10000,10000,0.5,adjacent_chain,21,0.001,-6.907755278982137
YahooC14,25,10000,10000,0.5,adjacent_chain,22,0.001,-6.907755278982137
YahooC14,25,10000,10000,0.5,adjacent_chain,23,0.001,-6.907755278982137
YahooC14,25,10000,10000,0.5,adjacent_chain,24,0.001,-6.907755278982137
YahooC14,25,10000,10000,0.5,ctr,0,1.0,0.0
YahooC14,25,10000,10000,0.5,ctr,1,0.41098142363965146,-0.8892072634644133
YahooC14,25,10000,10000,0.5,ctr,2,0.23349316074377716,-1.4546024924786938
YahooC14,25,10000,10000,0.5,ctr,3,0.19731598083328006,-1.622948871599233
YahooC14,25,10000,10000,0.5,ctr,4,0.11306739881132907,-2.1797711884174165
YahooC14,25,10000,10000,0.5,ctr,5,0.09603077374738143,-2.3430865790140816
YahooC14,25,10000,10000,0.5,ctr,6,0.10023483590125436,-2.3002394870672145
YahooC14,25,10000,10000,0.5,ctr,7,0.115081658926639,-2.162113324981775
YahooC14,25,10000,10000,0.5,ctr,8,0.06832292145596948,-2.6835099690581963
YahooC14,25,10000,10000,0.5,ctr,9,0.05413570825963659,-2.916261269093692
YahooC14,25,10000,10000,0.5,ctr,10,0.058223376545947086,-2.8434683460230032
YahooC14,25,10000,10000,0.5,ctr,11,0.04220071254661937,-3.165318173091741
YahooC14,25,10000,10000,0.5,ctr,12,0.04166631944733793,-3.178062163646557
YahooC14,25,10000,10000,0.5,ctr,13,0.032423739365013485,-3.428864428023822
YahooC14,25,10000,10000,0.5,ctr,14,0.036374217954313975,-3.313895053259359
YahooC14,25,10000,10000,0.5,ctr,15,0.05460096465535871,-2.907703728706787
YahooC14,25,10000,10000,0.5,ctr,16,0.029619589685748,-3.519319322846535
YahooC14,25,10000,10000,0.5,ctr,17,0.018313408345053912,-4.00012179097473
YahooC14,25,10000,10000,0.5,ctr,18,0.018877850240755518,-3.969765989114584
YahooC14,25,10000,10000,0.5,ctr,19,0.032543777890017646,-3.425169084052698
YahooC14,25,10000,10000,0.5,ctr,20,0.033737281045046016,-3.389151790616954
YahooC14,25,10000,10000,0.5,ctr,21,0.013983901732325745,-4.269848487244267
YahooC14,25,10000,10000,0.5,ctr,22,0.01451964653372478,-4.232252613289177
YahooC14,25,10000,10000,0.5,ctr,23,0.015130561616186068,-4.191038632492982
YahooC14,25,10000,10000,0.5,ctr,24,0.03139441430580671,-3.4611252902420433
YahooC14,25,10000,10000,0.5,global_all_pairs,0,1.0,0.0
YahooC14,25,10000,10000,0.5,global_all_pairs,1,0.49879899621009827,-0.6955520775878671
YahooC14,25,10000,10000,0.5,global_all_pairs,2,0.3357219994068146,-1.091471844206743
YahooC14,25,10000,10000,0.5,global_all_pairs,3,0.2150876522064209,-1.536709649254267
YahooC14,25,10000,10000,0.5,global_all_pairs,4,0.13674061000347137,-1.9896695054601372
YahooC14,25,10000,10000,0.5,global_all_pairs,5,0.16065338253974915,-1.828506138305801
YahooC14,25,10000,10000,0.5,global_all_pairs,6,0.09564018994569778,-2.347162150345284
YahooC14,25,10000,10000,0.5,global_all_pairs,7,0.26561757922172546,-1.3256976767413242
YahooC14,25,10000,10000,0.5,global_all_pairs,8,0.2026299089193344,-1.5963740725975015
YahooC14,25,10000,10000,0.5,global_all_pairs,9,0.10197975486516953,-2.2829809671119925
YahooC14,25,10000,10000,0.5,global_all_pairs,10,0.024802440777420998,-3.696813212209583
YahooC14,25,10000,10000,0.5,global_all_pairs,11,0.07502736896276474,-2.589902312509225
YahooC14,25,10000,10000,0.5,global_all_pairs,12,0.04926097020506859,-3.0106231908875056
YahooC14,25,10000,10000,0.5,global_all_pairs,13,0.10039667785167694,-2.298626161398689
YahooC14,25,10000,10000,0.5,global_all_pairs,14,0.09064780175685883,-2.400773591861752
YahooC14,25,10000,10000,0.5,global_all_pairs,15,0.10045790672302246,-2.298016477797274
YahooC14,25,10000,10000,0.5,global_all_pairs,16,0.030271103605628014,-3.497561697887378
YahooC14,25,10000,10000,0.5,global_all_pairs,17,0.02516351081430912,-3.68236031736519
YahooC14,25,10000,10000,0.5,global_all_pairs,18,0.0310820285230875,-3.471125487816932
YahooC14,25,10000,10000,0.5,global_all_pairs,19,0.001,-6.907755278982137
YahooC14,25,10000,10000,0.5,global_all_pairs,20,0.0429796427488327,-3.1470286998350607
YahooC14,25,10000,10000,0.5,global_all_pairs,21,0.0011302669299766421,-6.785301452935459
YahooC14,25,10000,10000,0.5,global_all_pairs,22,0.01955939270555973,-3.934299662630478
YahooC14,25,10000,10000,0.5,global_all_pairs,23,0.001,-6.907755278982137
YahooC14,25,10000,10000,0.5,global_all_pairs,24,0.06712490320205688,-2.701200168209166
YahooC14,25,10000,10000,0.5,pivot_one,0,1.0,0.0
YahooC14,25,10000,10000,0.5,pivot_one,1,0.5666666666666667,-0.5679840376059393
YahooC14,25,10000,10000,0.5,pivot_one,2,0.7317073170731707,-0.3123746850421524
YahooC14,25,10000,10000,0.5,pivot_one,3,0.8666666666666667,-0.1431008436406733
YahooC14,25,10000,10000,0.5,pivot_one,4,0.3181818181818182,-1.1451323043030026
YahooC14,25,10000,10000,0.5,pivot_one,5,0.17142857142857143,-1.7635885922613588
YahooC14,25,10000,10000,0.5,pivot_one,6,0.07142857142857142,-2.639057329615259
YahooC14,25,10000,10000,0.5,pivot_one,7,0.23809523809523808,-1.4350845252893227
YahooC14,25,10000,10000,0.5,pivot_one,8,0.001,-6.907755278982137
YahooC14,25,10000,10000,0.5,pivot_one,9,0.001,-6.907755278982137
YahooC14,25,10000,10000,0.5,pivot_one,10,0.2857142857142857,-1.252762968495368
YahooC14,25,10000,10000,0.5,pivot_one,11,0.001,-6.907755278982137
YahooC14,25,10000,10000,0.5,pivot_one,12,0.001,-6.907755278982137
YahooC14,25,10000,10000,0.5,pivot_one,13,0.25,-1.3862943611198906
YahooC14,25,10000,10000,0.5,pivot_one,14,0.001,-6.907755278982137
YahooC14,25,10000,10000,0.5,pivot_one,15,0.2,-1.6094379124341005
YahooC14,25,10000,10000,0.5,pivot_one,16,0.001,-6.907755278982137
YahooC14,25,10000,10000,0.5,pivot_one,17,0.001,-6.907755278982137
YahooC14,25,10000,10000,0.5,pivot_one,18,0.001,-6.907755278982137
YahooC14,25,10000,10000,0.5,pivot_one,19,0.001,-6.907755278982137
YahooC14,25,10000,10000,0.5,pivot_one,20,0.001,-6.907755278982137
YahooC14,25,10000,10000,0.5,pivot_one,21,0.001,-6.907755278982137
YahooC14,25,10000,10000,0.5,pivot_one,22,0.001,-6.907755278982137
YahooC14,25,10000,10000,0.5,pivot_one,23,0.001,-6.907755278982137
YahooC14,25,10000,10000,0.5,pivot_one,24,0.001,-6.907755278982137
YahooC14,25,100000,100000,0.5,adjacent_chain,0,1.0,0.0
YahooC14,25,100000,100000,0.5,adjacent_chain,1,0.5430171714938462,-0.6106143361709611
YahooC14,25,100000,100000,0.5,adjacent_chain,2,0.38151174599887205,-0.9636136397437274
YahooC14,25,100000,100000,0.5,adjacent_chain,3,0.24862198551140205,-1.391821666521416
YahooC14,25,100000,100000,0.5,adjacent_chain,4,0.15776599556314091,-1.846642384519704
YahooC14,25,100000,100000,0.5,adjacent_chain,5,0.13469806439904322,-2.004719565386635
YahooC14,25,100000,100000,0.5,adjacent_chain,6,0.09583426182097171,-2.345135018893114
YahooC14,25,100000,100000,0.5,adjacent_chain,7,0.08976339151937197,-2.410578053614831
YahooC14,25,100000,100000,0.5,adjacent_chain,8,0.07652891111829915,-2.5700866864295784
YahooC14,25,100000,100000,0.5,adjacent_chain,9,0.05551446691028412,-2.8911116271468154
YahooC14,25,100000,100000,0.5,adjacent_chain,10,0.038903820112487206,-3.2466628297735345
YahooC14,25,100000,100000,0.5,adjacent_chain,11,0.04064578220707618,-3.2028602071151417
YahooC14,25,100000,100000,0.5,adjacent_chain,12,0.0657831108257082,-2.721392147978707
YahooC14,25,100000,100000,0.5,adjacent_chain,13,0.07202116443849088,-2.63079525262648
YahooC14,25,100000,100000,0.5,adjacent_chain,14,0.08747185868982524,-2.4364381523211813
YahooC14,25,100000,100000,0.5,adjacent_chain,15,0.0985954476561614,-2.316730188255214
YahooC14,25,100000,100000,0.5,adjacent_chain,16,0.07659360638116579,-2.569241673328008
YahooC14,25,100000,100000,0.5,adjacent_chain,17,0.145225202615718,-1.9294696199196768
YahooC14,25,100000,100000,0.5,adjacent_chain,18,0.2087068780106127,-1.5668245089944406
YahooC14,25,100000,100000,0.5,adjacent_chain,19,0.0927586124491612,-2.377754725210769
YahooC14,25,100000,100000,0.5,adjacent_chain,20,0.2954095937871376,-1.2193924321368856
YahooC14,25,100000,100000,0.5,adjacent_chain,21,0.738523984467844,-0.3031017002627306
YahooC14,25,100000,100000,0.5,adjacent_chain,22,1.90785362654193,0.6459788544344152
YahooC14,25,100000,100000,0.5,adjacent_chain,23,1.9078536265419297,0.645978854434415
YahooC14,25,100000,100000,0.5,adjacent_chain,24,1.985725203135478,0.6859841890481143
YahooC14,25,100000,100000,0.5,ctr,0,1.0,0.0
YahooC14,25,100000,100000,0.5,ctr,1,0.4267100661319341,-0.8516504984127372
YahooC14,25,100000,100000,0.5,ctr,2,0.2541186640387695,-1.369953939803788
YahooC14,25,100000,100000,0.5,ctr,3,0.19121492503039195,-1.6543572216289577
YahooC14,25,100000,100000,0.5,ctr,4,0.14134208976410395,-1.9565721584593811
YahooC14,25,100000,100000,0.5,ctr,5,0.12184971434836742,-2.104966843202817
YahooC14,25,100000,100000,0.5,ctr,6,0.0932155628288225,-2.3728405880888523
YahooC14,25,100000,100000,0.5,ctr,7,0.08950604193231564,-2.413449148356226
YahooC14,25,100000,100000,0.5,ctr,8,0.07995247371145214,-2.5263228994497196
YahooC14,25,100000,100000,0.5,ctr,9,0.06846655317550729,-2.681409927769033
YahooC14,25,100000,100000,0.5,ctr,10,0.0595436170147916,-2.8210461759149896
YahooC14,25,100000,100000,0.5,ctr,11,0.05288621999491516,-2.939612465641216
YahooC14,25,100000,100000,0.5,ctr,12,0.045884971064363685,-3.0816176433234617
YahooC14,25,100000,100000,0.5,ctr,13,0.04196915331319512,-3.170820375459496
YahooC14,25,100000,100000,0.5,ctr,14,0.039376360493659904,-3.23458963021332
YahooC14,25,100000,100000,0.5,ctr,15,0.04914188085863926,-3.013043637110008
YahooC14,25,100000,100000,0.5,ctr,16,0.03295486812467522,-3.4126162861642584
YahooC14,25,100000,100000,0.5,ctr,17,0.036528012419524226,-3.3096758491946394
YahooC14,25,100000,100000,0.5,ctr,18,0.03504171478125514,-3.351216076290154
YahooC14,25,100000,100000,0.5,ctr,19,0.030835577863611466,-3.4790861302047484
YahooC14,25,100000,100000,0.5,ctr,20,0.030503209388081997,-3.4899233750658674
YahooC14,25,100000,100000,0.5,ctr,21,0.028334493226052467,-3.5636753746077554
YahooC14,25,100000,100000,0.5,ctr,22,0.027509172045101428,-3.593235801005236
YahooC14,25,100000,100000,0.5,ctr,23,0.026253234234374964,-3.6399660886055303
YahooC14,25,100000,100000,0.5,ctr,24,0.027656361877336465,-3.587899491499894
YahooC14,25,100000,100000,0.5,global_all_pairs,0,1.0,0.0
YahooC14,25,100000,100000,0.5,global_all_pairs,1,0.5085252523422241,-0.6762404042698774
YahooC14,25,100000,100000,0.5,global_all_pairs,2,0.34021687507629395,-1.0781719968517185
YahooC14,25,100000,100000,0.5,global_all_pairs,3,0.25683537125587463,-1.3593199781160747
YahooC14,25,100000,100000,0.5,global_all_pairs,4,0.19302931427955627,-1.644913214152143
YahooC14,25,100000,100000,0.5,global_all_pairs,5,0.16708672046661377,-1.7892423171155605
YahooC14,25,100000,100000,0.5,global_all_pairs,6,0.14811377227306366,-1.909774568966045
YahooC14,25,100000,100000,0.5,global_all_pairs,7,0.13528648018836975,-2.0003606734961323
YahooC14,25,100000,100000,0.5,global_all_pairs,8,0.12351588904857635,-2.0913854749258363
YahooC14,25,100000,100000,0.5,global_all_pairs,9,0.1127634048461914,-2.18246341767781
YahooC14,25,100000,100000,0.5,global_all_pairs,10,0.09105456620454788,-2.3962963235492896
YahooC14,25,100000,100000,0.5,global_all_pairs,11,0.07991919666528702,-2.526739196428006
YahooC14,25,100000,100000,0.5,global_all_pairs,12,0.07773897051811218,-2.5543985962735785
YahooC14,25,100000,100000,0.5,global_all_pairs,13,0.06810855120420456,-2.6866525053660357
YahooC14,25,100000,100000,0.5,global_all_pairs,14,0.06622535735368729,-2.714691847784394
YahooC14,25,100000,100000,0.5,global_all_pairs,15,0.08503876626491547,-2.4646480527569343
YahooC14,25,100000,100000,0.5,global_all_pairs,16,0.059733178466558456,-2.8178676597485177
YahooC14,25,100000,100000,0.5,global_all_pairs,17,0.07668750733137131,-2.5680164609104077
YahooC14,25,100000,100000,0.5,global_all_pairs,18,0.07453318685293198,-2.596510791671789
YahooC14,25,100000,100000,0.5,global_all_pairs,19,0.048683326691389084,-3.0224186752480895
YahooC14,25,100000,100000,0.5,global_all_pairs,20,0.06514538079500198,-2.7311338789992963
YahooC14,25,100000,100000,0.5,global_all_pairs,21,0.05504051595926285,-2.899685711141124
YahooC14,25,100000,100000,0.5,global_all_pairs,22,0.04567486047744751,-3.086207231403684
YahooC14,25,100000,100000,0.5,global_all_pairs,23,0.0484764464199543,-3.026677239826083
YahooC14,25,100000,100000,0.5,global_all_pairs,24,0.0670614093542099,-2.7021465218480154
YahooC14,25,100000,100000,0.5,pivot_one,0,1.0,0.0
YahooC14,25,100000,100000,0.5,pivot_one,1,0.5430171714938462,-0.6106143361709611
YahooC14,25,100000,100000,0.5,pivot_one,2,0.424786821284748,-0.8561678328766306
YahooC14,25,100000,100000,0.5,pivot_one,3,0.24953958257707204,-1.3881377287702688
YahooC14,25,100000,100000,0.5,pivot_one,4,0.2208426047120419,-1.5103050270694571
YahooC14,25,100000,100000,0.5,pivot_one,5,0.16883063401203666,-1.7788592321720242
YahooC14,25,100000,100000,0.5,pivot_one,6,0.15769628905685254,-1.8470843169523357
YahooC14,25,100000,100000,0.5,pivot_one,7,0.1495108958230064,-1.9003860070479024
YahooC14,25,100000,100000,0.5,pivot_one,8,0.15586446967896272,-1.858768433453452
YahooC14,25,100000,100000,0.5,pivot_one,9,0.1340408050550746,-2.0096110100502327
YahooC14,25,100000,100000,0.5,pivot_one,10,0.0876596670038859,-2.434293382722327
YahooC14,25,100000,100000,0.5,pivot_one,11,0.07959641384084155,-2.530786239397417
YahooC14,25,100000,100000,0.5,pivot_one,12,0.07811231819582551,-2.5496075111954735
YahooC14,25,100000,100000,0.5,pivot_one,13,0.06846908903048045,-2.681372890589631
YahooC14,25,100000,100000,0.5,pivot_one,14,0.04878881292450783,-3.020254235753558
YahooC14,25,100000,100000,0.5,pivot_one,15,0.11476137400961263,-2.1649003150440578
YahooC14,25,100000,100000,0.5,pivot_one,16,0.08488897767715108,-2.466411021217357
YahooC14,25,100000,100000,0.5,pivot_one,17,0.08069828722002637,-2.5170379279707933
YahooC14,25,100000,100000,0.5,pivot_one,18,0.06065920462165369,-2.8024838888806354
YahooC14,25,100000,100000,0.5,pivot_one,19,0.062055427739198345,-2.779727297519754
YahooC14,25,100000,100000,0.5,pivot_one,20,0.09514622703555926,-2.352340338831645
YahooC14,25,100000,100000,0.5,pivot_one,21,0.0872046853285686,-2.4394972186784436
YahooC14,25,100000,100000,0.5,pivot_one,22,0.026967807180178664,-3.613111451024816
YahooC14,25,100000,100000,0.5,pivot_one,23,0.0428787624012107,-3.1493786245481674
YahooC14,25,100000,100000,0.5,pivot_one,24,0.059342149881315705,-2.824435434891762
istella,25,1000,1000,0.5,adjacent_chain,0,1.0,0.0
istella,25,1000,1000,0.5,adjacent_chain,1,0.001,-6.907755278982137
istella,25,1000,1000,0.5,adjacent_chain,2,0.001,-6.907755278982137
istella,25,1000,1000,0.5,adjacent_chain,3,0.001,-6.907755278982137
istella,25,1000,1000,0.5,adjacent_chain,4,0.001,-6.907755278982137
istella,25,1000,1000,0.5,adjacent_chain,5,0.001,-6.907755278982137
istella,25,1000,1000,0.5,adjacent_chain,6,0.001,-6.907755278982137
istella,25,1000,1000,0.5,adjacent_chain,7,0.001,-6.907755278982137
istella,25,1000,1000,0.5,adjacent_chain,8,0.001,-6.907755278982137
istella,25,1000,1000,0.5,adjacent_chain,9,0.001,-6.907755278982137
istella,25,1000,1000,0.5,adjacent_chain,10,0.001,-6.907755278982137
istella,25,1000,1000,0.5,adjacent_chain,11,0.001,-6.907755278982137
istella,25,1000,1000,0.5,adjacent_chain,12,0.001,-6.907755278982137
istella,25,1000,1000,0.5,adjacent_chain,13,0.001,-6.907755278982137
istella,25,1000,1000,0.5,adjacent_chain,14,0.001,-6.907755278982137
istella,25,1000,1000,0.5,adjacent_chain,15,0.001,-6.907755278982137
istella,25,1000,1000,0.5,adjacent_chain,16,0.001,-6.907755278982137
istella,25,1000,1000,0.5,adjacent_chain,17,0.001,-6.907755278982137
istella,25,1000,1000,0.5,adjacent_chain,18,0.001,-6.907755278982137
istella,25,1000,1000,0.5,adjacent_chain,19,0.001,-6.907755278982137
istella,25,1000,1000,0.5,adjacent_chain,20,0.001,-6.907755278982137
istella,25,1000,1000,0.5,adjacent_chain,21,0.001,-6.907755278982137
istella,25,1000,1000,0.5,adjacent_chain,22,0.001,-6.907755278982137
istella,25,1000,1000,0.5,adjacent_chain,23,0.001,-6.907755278982137
istella,25,1000,1000,0.5,adjacent_chain,24,0.001,-6.907755278982137
istella,25,1000,1000,0.5,ctr,0,1.0,0.0
istella,25,1000,1000,0.5,ctr,1,0.4948453608247423,-0.7035099675954919
istella,25,1000,1000,0.5,ctr,2,0.31958762886597936,-1.1407237740182363
istella,25,1000,1000,0.5,ctr,3,0.16494845360824742,-1.8021222562636017
istella,25,1000,1000,0.5,ctr,4,0.11340206185567009,-2.1768157057050126
istella,25,1000,1000,0.5,ctr,5,0.14432989690721648,-1.935653648888124
istella,25,1000,1000,0.5,ctr,6,0.08247422680412371,-2.495269436823547
istella,25,1000,1000,0.5,ctr,7,0.12371134020618557,-2.0898043287153825
istella,25,1000,1000,0.5,ctr,8,0.041237113402061855,-3.188416617383492
istella,25,1000,1000,0.5,ctr,9,0.05154639175257732,-2.9652730660692823
istella,25,1000,1000,0.5,ctr,10,0.030927835051546393,-3.4760986898352733
istella,25,1000,1000,0.5,ctr,11,0.07245476752370306,-2.6247928080505307
istella,25,1000,1000,0.5,ctr,12,0.02070136214962944,-3.877555776545899
istella,25,1000,1000,0.5,ctr,13,0.02070136214962944,-3.877555776545899
istella,25,1000,1000,0.5,ctr,14,0.01035068107481472,-4.570702957105844
istella,25,1000,1000,0.5,ctr,15,0.010371507394884773,-4.568692906177819
istella,25,1000,1000,0.5,ctr,16,0.031145856043853365,-3.469074074898309
istella,25,1000,1000,0.5,ctr,17,0.001,-6.907755278982137
istella,25,1000,1000,0.5,ctr,18,0.010413412475268145,-4.564660642649882
istella,25,1000,1000,0.5,ctr,19,0.001,-6.907755278982137
istella,25,1000,1000,0.5,ctr,20,0.02086898451521349,-3.869491216709168
istella,25,1000,1000,0.5,ctr,21,0.001,-6.907755278982137
istella,25,1000,1000,0.5,ctr,22,0.001,-6.907755278982137
istella,25,1000,1000,0.5,ctr,23,0.021103947493378638,-3.858295171004083
istella,25,1000,1000,0.5,ctr,24,0.010584474692521011,-4.548367003163781
istella,25,1000,1000,0.5,global_all_pairs,0,1.0,0.0
istella,25,1000,1000,0.5,global_all_pairs,1,0.5536196827888489,-0.5912773211401032
istella,25,1000,1000,0.5,global_all_pairs,2,0.17155969142913818,-1.7628240179528285
istella,25,1000,1000,0.5,global_all_pairs,3,43.47629928588867,3.7722159456106503
istella,25,1000,1000,0.5,global_all_pairs,4,0.3117297291755676,-1.1656187192287042
istella,25,1000,1000,0.5,global_all_pairs,5,0.31654641032218933,-1.1502854120588608
istella,25,1000,1000,0.5,global_all_pairs,6,0.4810589551925659,-0.731765448419303
istella,25,1000,1000,0.5,global_all_pairs,7,0.4036230444908142,-0.9072738947817972
istella,25,1000,1000,0.5,global_all_pairs,8,0.48117712140083313,-0.7315198408979563
istella,25,1000,1000,0.5,global_all_pairs,9,0.11388552188873291,-2.172561529086677
istella,25,1000,1000,0.5,global_all_pairs,10,0.47232186794281006,-0.7500946021931879
istella,25,1000,1000,0.5,global_all_pairs,11,0.36653798818588257,-1.0036531117693273
istella,25,1000,1000,0.5,global_all_pairs,12,0.12792763113975525,-2.056290556671695
istella,25,1000,1000,0.5,global_all_pairs,13,0.4578421413898468,-0.7812308237346036
istella,25,1000,1000,0.5,global_all_pairs,14,0.41446787118911743,-0.8807598196206221
istella,25,1000,1000,0.5,global_all_pairs,15,0.4622845947742462,-0.771574571549354
istella,25,1000,1000,0.5,global_all_pairs,16,0.5619537830352783,-0.5763356690620913
istella,25,1000,1000,0.5,global_all_pairs,17,0.11660056561231613,-2.149001154200014
istella,25,1000,1000,0.5,global_all_pairs,18,0.6863464713096619,-0.3763727185380695
istella,25,1000,1000,0.5,global_all_pairs,19,0.5648406744003296,-0.5712115798147821
istella,25,1000,1000,0.5,global_all_pairs,20,0.4819176495075226,-0.7299820311724855
istella,25,1000,1000,0.5,global_all_pairs,21,0.43066927790641785,-0.8424148200758848
istella,25,1000,1000,0.5,global_all_pairs,22,0.16559335589408875,-1.7982201592483706
istella,25,1000,1000,0.5,global_all_pairs,23,0.7758607268333435,-0.2537822506368419
istella,25,1000,1000,0.5,global_all_pairs,24,43.44383239746094,3.7714688945119255
istella,25,1000,1000,0.5,pivot_one,0,1.0,0.0
istella,25,1000,1000,0.5,pivot_one,1,0.001,-6.907755278982137
istella,25,1000,1000,0.5,pivot_one,2,0.001,-6.907755278982137
istella,25,1000,1000,0.5,pivot_one,3,0.001,-6.907755278982137
istella,25,1000,1000,0.5,pivot_one,4,0.001,-6.907755278982137
istella,25,1000,1000,0.5,pivot_one,5,0.001,-6.907755278982137
istella,25,1000,1000,0.5,pivot_one,6,0.001,-6.907755278982137
istella,25,1000,1000,0.5,pivot_one,7,0.001,-6.907755278982137
istella,25,1000,1000,0.5,pivot_one,8,0.001,-6.907755278982137
istella,25,1000,1000,0.5,pivot_one,9,0.001,-6.907755278982137
istella,25,1000,1000,0.5,pivot_one,10,0.001,-6.907755278982137
istella,25,1000,1000,0.5,pivot_one,11,0.001,-6.907755278982137
istella,25,1000,1000,0.5,pivot_one,12,0.001,-6.907755278982137
istella,25,1000,1000,0.5,pivot_one,13,0.001,-6.907755278982137
istella,25,1000,1000,0.5,pivot_one,14,0.001,-6.907755278982137
istella,25,1000,1000,0.5,pivot_one,15,0.001,-6.907755278982137
istella,25,1000,1000,0.5,pivot_one,16,0.001,-6.907755278982137
istella,25,1000,1000,0.5,pivot_one,17,0.001,-6.907755278982137
istella,25,1000,1000,0.5,pivot_one,18,0.001,-6.907755278982137
istella,25,1000,1000,0.5,pivot_one,19,0.001,-6.907755278982137
istella,25,1000,1000,0.5,pivot_one,20,0.001,-6.907755278982137
istella,25,1000,1000,0.5,pivot_one,21,0.001,-6.907755278982137
istella,25,1000,1000,0.5,pivot_one,22,0.001,-6.907755278982137
istella,25,1000,1000,0.5,pivot_one,23,0.001,-6.907755278982137
istella,25,1000,1000,0.5,pivot_one,24,0.001,-6.907755278982137
istella,25,10000,10000,0.5,adjacent_chain,0,1.0,0.0
istella,25,10000,10000,0.5,adjacent_chain,1,0.5,-0.6931471805599453
istella,25,10000,10000,0.5,adjacent_chain,2,0.001,-6.907755278982137
istella,25,10000,10000,0.5,adjacent_chain,3,0.001,-6.907755278982137
istella,25,10000,10000,0.5,adjacent_chain,4,0.001,-6.907755278982137
istella,25,10000,10000,0.5,adjacent_chain,5,0.001,-6.907755278982137
istella,25,10000,10000,0.5,adjacent_chain,6,0.001,-6.907755278982137
istella,25,10000,10000,0.5,adjacent_chain,7,0.001,-6.907755278982137
istella,25,10000,10000,0.5,adjacent_chain,8,0.001,-6.907755278982137
istella,25,10000,10000,0.5,adjacent_chain,9,0.001,-6.907755278982137
istella,25,10000,10000,0.5,adjacent_chain,10,0.001,-6.907755278982137
istella,25,10000,10000,0.5,adjacent_chain,11,0.001,-6.907755278982137
istella,25,10000,10000,0.5,adjacent_chain,12,0.001,-6.907755278982137
istella,25,10000,10000,0.5,adjacent_chain,13,0.001,-6.907755278982137
istella,25,10000,10000,0.5,adjacent_chain,14,0.001,-6.907755278982137
istella,25,10000,10000,0.5,adjacent_chain,15,0.001,-6.907755278982137
istella,25,10000,10000,0.5,adjacent_chain,16,0.001,-6.907755278982137
istella,25,10000,10000,0.5,adjacent_chain,17,0.001,-6.907755278982137
istella,25,10000,10000,0.5,adjacent_chain,18,0.001,-6.907755278982137
istella,25,10000,10000,0.5,adjacent_chain,19,0.001,-6.907755278982137
istella,25,10000,10000,0.5,adjacent_chain,20,0.001,-6.907755278982137
istella,25,10000,10000,0.5,adjacent_chain,21,0.001,-6.907755278982137
istella,25,10000,10000,0.5,adjacent_chain,22,0.001,-6.907755278982137
istella,25,10000,10000,0.5,adjacent_chain,23,0.001,-6.907755278982137
istella,25,10000,10000,0.5,adjacent_chain,24,0.001,-6.907755278982137
istella,25,10000,10000,0.5,ctr,0,1.0,0.0
istella,25,10000,10000,0.5,ctr,1,0.41776315789473684,-0.8728406149476304
istella,25,10000,10000,0.5,ctr,2,0.23793859649122806,-1.435742636533872
istella,25,10000,10000,0.5,ctr,3,0.16885964912280702,-1.7786873876607023
istella,25,10000,10000,0.5,ctr,4,0.1250250050010002,-2.0792415216771687
istella,25,10000,10000,0.5,ctr,5,0.09652018412541306,-2.338003130587123
istella,25,10000,10000,0.5,ctr,6,0.06580921644914527,-2.720995382843229
istella,25,10000,10000,0.5,ctr,7,0.05485198739720737,-2.903116859604503
istella,25,10000,10000,0.5,ctr,8,0.04608027974679545,-3.0773701917189307
istella,25,10000,10000,0.5,ctr,9,0.03950924252880224,-3.2312206463750575
istella,25,10000,10000,0.5,ctr,10,0.026347406361317792,-3.636385439149867
istella,25,10000,10000,0.5,ctr,11,0.03185877729088777,-3.446442352798261
istella,25,10000,10000,0.5,ctr,12,0.019778376696325442,-3.9231660240862967
istella,25,10000,10000,0.5,ctr,13,0.024178417377512137,-3.72229488765334
istella,25,10000,10000,0.5,ctr,14,0.023104872355482323,-3.767711759216075
istella,25,10000,10000,0.5,ctr,15,0.014320259157034639,-4.246080020055111
istella,25,10000,10000,0.5,ctr,16,0.015428017279379353,-4.171570118635528
istella,25,10000,10000,0.5,ctr,17,0.016548313131152664,-4.101471107963944
istella,25,10000,10000,0.5,ctr,18,0.013262669828487153,-4.322801969960051
istella,25,10000,10000,0.5,ctr,19,0.016595064495058653,-4.098649947402647
istella,25,10000,10000,0.5,ctr,20,0.01219062412449154,-4.407088137087432
istella,25,10000,10000,0.5,ctr,21,0.008889268164330567,-4.72291055406756
istella,25,10000,10000,0.5,ctr,22,0.011137544216050536,-4.497433516177329
istella,25,10000,10000,0.5,ctr,23,0.005581244162018606,-5.188343559338918
istella,25,10000,10000,0.5,ctr,24,0.010066735746844413,-4.598518781023656
istella,25,10000,10000,0.5,global_all_pairs,0,1.0,0.0
istella,25,10000,10000,0.5,global_all_pairs,1,0.5355857610702515,-0.6243942505255059
istella,25,10000,10000,0.5,global_all_pairs,2,0.1810055822134018,-1.709227407233863
istella,25,10000,10000,0.5,global_all_pairs,3,0.23666422069072723,-1.4411129327778964
istella,25,10000,10000,0.5,global_all_pairs,4,0.08350544422864914,-2.4828434489076736
istella,25,10000,10000,0.5,global_all_pairs,5,0.08211108297109604,-2.4996822780767567
istella,25,10000,10000,0.5,global_all_pairs,6,0.07086818665266037,-2.6469336534400494
istella,25,10000,10000,0.5,global_all_pairs,7,0.17043432593345642,-1.7694052416024353
istella,25,10000,10000,0.5,global_all_pairs,8,0.1295137107372284,-2.0439685290280933
istella,25,10000,10000,0.5,global_all_pairs,9,0.07378243654966354,-2.6066345628310716
istella,25,10000,10000,0.5,global_all_pairs,10,0.001,-6.907755278982137
istella,25,10000,10000,0.5,global_all_pairs,11,0.16092340648174286,-1.826826763334257
istella,25,10000,10000,0.5,global_all_pairs,12,0.03582427278161049,-3.329129604661358
istella,25,10000,10000,0.5,global_all_pairs,13,0.07704130560159683,-2.563413564574641
istella,25,10000,10000,0.5,global_all_pairs,14,0.09122271090745926,-2.394451389794853
istella,25,10000,10000,0.5,global_all_pairs,15,0.03725322335958481,-3.2900168047571285
istella,25,10000,10000,0.5,global_all_pairs,16,0.09276284277439117,-2.377709120509948
istella,25,10000,10000,0.5,global_all_pairs,17,0.001,-6.907755278982137
istella,25,10000,10000,0.5,global_all_pairs,18,0.0706707015633583,-2.649724197013547
istella,25,10000,10000,0.5,global_all_pairs,19,0.13483285903930664,-2.0037193487897293
istella,25,10000,10000,0.5,global_all_pairs,20,0.001,-6.907755278982137
istella,25,10000,10000,0.5,global_all_pairs,21,0.001,-6.907755278982137
istella,25,10000,10000,0.5,global_all_pairs,22,0.001,-6.907755278982137
istella,25,10000,10000,0.5,global_all_pairs,23,0.04445687308907509,-3.1132357037994214
istella,25,10000,10000,0.5,global_all_pairs,24,0.0014397355262190104,-6.543295844610132
istella,25,10000,10000,0.5,pivot_one,0,1.0,0.0
istella,25,10000,10000,0.5,pivot_one,1,0.5,-0.6931471805599453
istella,25,10000,10000,0.5,pivot_one,2,1.0,0.0
istella,25,10000,10000,0.5,pivot_one,3,2.0,0.6931471805599453
istella,25,10000,10000,0.5,pivot_one,4,0.001,-6.907755278982137
istella,25,10000,10000,0.5,pivot_one,5,0.001,-6.907755278982137
istella,25,10000,10000,0.5,pivot_one,6,0.001,-6.907755278982137
istella,25,10000,10000,0.5,pivot_one,7,0.001,-6.907755278982137
istella,25,10000,10000,0.5,pivot_one,8,0.001,-6.907755278982137
istella,25,10000,10000,0.5,pivot_one,9,0.001,-6.907755278982137
istella,25,10000,10000,0.5,pivot_one,10,0.001,-6.907755278982137
istella,25,10000,10000,0.5,pivot_one,11,0.001,-6.907755278982137
istella,25,10000,10000,0.5,pivot_one,12,0.001,-6.907755278982137
istella,25,10000,10000,0.5,pivot_one,13,0.001,-6.907755278982137
istella,25,10000,10000,0.5,pivot_one,14,0.001,-6.907755278982137
istella,25,10000,10000,0.5,pivot_one,15,0.001,-6.907755278982137
istella,25,10000,10000,0.5,pivot_one,16,0.001,-6.907755278982137
istella,25,10000,10000,0.5,pivot_one,17,0.001,-6.907755278982137
istella,25,10000,10000,0.5,pivot_one,18,0.001,-6.907755278982137
istella,25,10000,10000,0.5,pivot_one,19,0.001,-6.907755278982137
istella,25,10000,10000,0.5,pivot_one,20,0.001,-6.907755278982137
istella,25,10000,10000,0.5,pivot_one,21,0.001,-6.907755278982137
istella,25,10000,10000,0.5,pivot_one,22,0.001,-6.907755278982137
istella,25,10000,10000,0.5,pivot_one,23,0.001,-6.907755278982137
istella,25,10000,10000,0.5,pivot_one,24,0.001,-6.907755278982137
istella,25,100000,100000,0.5,adjacent_chain,0,1.0,0.0
istella,25,100000,100000,0.5,adjacent_chain,1,0.4896950480276042,-0.7139724325822864
istella,25,100000,100000,0.5,adjacent_chain,2,0.28813042923613275,-1.2443420220729389
istella,25,100000,100000,0.5,adjacent_chain,3,0.18013852864639304,-1.7140291204938427
istella,25,100000,100000,0.5,adjacent_chain,4,0.1336725792949513,-2.01236190719516
istella,25,100000,100000,0.5,adjacent_chain,5,0.06762195593690218,-2.693822556700703
istella,25,100000,100000,0.5,adjacent_chain,6,0.05574631832138483,-2.886943909900884
istella,25,100000,100000,0.5,adjacent_chain,7,0.055359191110819654,-2.8939125792169773
istella,25,100000,100000,0.5,adjacent_chain,8,0.0843824563533853,-2.472395762098305
istella,25,100000,100000,0.5,adjacent_chain,9,0.08958411462174468,-2.4125772668873946
istella,25,100000,100000,0.5,adjacent_chain,10,0.09406332035283191,-2.363787102717963
istella,25,100000,100000,0.5,adjacent_chain,11,0.10817281840575671,-2.224025160342804
istella,25,100000,100000,0.5,adjacent_chain,12,0.07612161295219917,-2.5754230471806925
istella,25,100000,100000,0.5,adjacent_chain,13,0.05709120971414938,-2.8631051196324733
istella,25,100000,100000,0.5,adjacent_chain,14,0.05709120971414938,-2.8631051196324733
istella,25,100000,100000,0.5,adjacent_chain,15,0.054372580680142266,-2.9118952838019054
istella,25,100000,100000,0.5,adjacent_chain,16,0.001,-6.907755278982137
istella,25,100000,100000,0.5,adjacent_chain,17,0.001,-6.907755278982137
istella,25,100000,100000,0.5,adjacent_chain,18,0.001,-6.907755278982137
istella,25,100000,100000,0.5,adjacent_chain,19,0.001,-6.907755278982137
istella,25,100000,100000,0.5,adjacent_chain,20,0.001,-6.907755278982137
istella,25,100000,100000,0.5,adjacent_chain,21,0.001,-6.907755278982137
istella,25,100000,100000,0.5,adjacent_chain,22,0.001,-6.907755278982137
istella,25,100000,100000,0.5,adjacent_chain,23,0.001,-6.907755278982137
istella,25,100000,100000,0.5,adjacent_chain,24,0.001,-6.907755278982137
istella,25,100000,100000,0.5,ctr,0,1.0,0.0
istella,25,100000,100000,0.5,ctr,1,0.41422097539922315,-0.8813556905514691
istella,25,100000,100000,0.5,ctr,2,0.2477341389728097,-1.3953991281128098
istella,25,100000,100000,0.5,ctr,3,0.1738378172541244,-1.7496324991751218
istella,25,100000,100000,0.5,ctr,4,0.12863774262276145,-2.050755021725027
istella,25,100000,100000,0.5,ctr,5,0.0919650852006646,-2.3863462826531725
istella,25,100000,100000,0.5,ctr,6,0.08021564833739607,-2.5230366667160173
istella,25,100000,100000,0.5,ctr,7,0.05929003507131931,-2.8253140297413744
istella,25,100000,100000,0.5,ctr,8,0.05487151846912231,-2.9027608543535406
istella,25,100000,100000,0.5,ctr,9,0.042034168302501784,-3.169272460423811
istella,25,100000,100000,0.5,ctr,10,0.035776536888471655,-3.330462994616901
istella,25,100000,100000,0.5,ctr,11,0.029633136706151572,-3.518862060490369
istella,25,100000,100000,0.5,ctr,12,0.025745925336271316,-3.659478903761666
istella,25,100000,100000,0.5,ctr,13,0.023479169371820426,-3.7516416606351912
istella,25,100000,100000,0.5,ctr,14,0.02132780911464471,-3.847743465574362
istella,25,100000,100000,0.5,ctr,15,0.0157091672125837,-4.153510838139821
istella,25,100000,100000,0.5,ctr,16,0.01680386265252064,-4.086146499207533
istella,25,100000,100000,0.5,ctr,17,0.012262879215866097,-4.401178529727547
istella,25,100000,100000,0.5,ctr,18,0.010218039039170396,-4.583600587453466
istella,25,100000,100000,0.5,ctr,19,0.01219138871011572,-4.4070254199008225
istella,25,100000,100000,0.5,ctr,20,0.011233482440108175,-4.48885645677989
istella,25,100000,100000,0.5,ctr,21,0.011918701318009794,-4.429646573111791
istella,25,100000,100000,0.5,ctr,22,0.008878250382268964,-4.7241507704145915
istella,25,100000,100000,0.5,ctr,23,0.008022085147668917,-4.825556897421233
istella,25,100000,100000,0.5,ctr,24,0.006059527164298395,-5.106123507638411
istella,25,100000,100000,0.5,global_all_pairs,0,1.0,0.0
istella,25,100000,100000,0.5,global_all_pairs,1,0.5310937762260437,-0.6328166702704541
istella,25,100000,100000,0.5,global_all_pairs,2,0.36525803804397583,-1.0071512216284515
istella,25,100000,100000,0.5,global_all_pairs,3,0.2990681231021881,-1.2070838950800682
istella,25,100000,100000,0.5,global_all_pairs,4,0.24604284763336182,-1.402249580845502
istella,25,100000,100000,0.5,global_all_pairs,5,0.17934955656528473,-1.7184185474614058
istella,25,100000,100000,0.5,global_all_pairs,6,0.16306553781032562,-1.813603086528859
istella,25,100000,100000,0.5,global_all_pairs,7,0.13688084483146667,-1.9886444773580216
istella,25,100000,100000,0.5,global_all_pairs,8,0.14625324308872223,-1.92241561815041
istella,25,100000,100000,0.5,global_all_pairs,9,0.11455893516540527,-2.1666658708077167
istella,25,100000,100000,0.5,global_all_pairs,10,0.0986374020576477,-2.3163047580879774
istella,25,100000,100000,0.5,global_all_pairs,11,0.09746750444173813,-2.328236244308095
istella,25,100000,100000,0.5,global_all_pairs,12,0.10272407531738281,-2.275708765787538
istella,25,100000,100000,0.5,global_all_pairs,13,0.080710768699646,-2.516883271473072
istella,25,100000,100000,0.5,global_all_pairs,14,0.09290709346532822,-2.376155280153432
istella,25,100000,100000,0.5,global_all_pairs,15,0.0569634810090065,-2.865344900525836
istella,25,100000,100000,0.5,global_all_pairs,16,0.08137766271829605,-2.50865445741214
istella,25,100000,100000,0.5,global_all_pairs,17,0.059983666986227036,-2.813682970713997
istella,25,100000,100000,0.5,global_all_pairs,18,0.052251145243644714,-2.9516934698387693
istella,25,100000,100000,0.5,global_all_pairs,19,0.07296976447105408,-2.617710108960207
istella,25,100000,100000,0.5,global_all_pairs,20,0.06271016597747803,-2.7692317076841304
istella,25,100000,100000,0.5,global_all_pairs,21,0.053083863109350204,-2.9358822931658244
istella,25,100000,100000,0.5,global_all_pairs,22,0.05041458085179329,-2.9874748431298
istella,25,100000,100000,0.5,global_all_pairs,23,0.052027326077222824,-2.9559861969432073
istella,25,100000,100000,0.5,global_all_pairs,24,0.03226674720644951,-3.433718077303181
istella,25,100000,100000,0.5,pivot_one,0,1.0,0.0
istella,25,100000,100000,0.5,pivot_one,1,0.4896950480276042,-0.7139724325822864
istella,25,100000,100000,0.5,pivot_one,2,0.4543811629294312,-0.7888188672552643
istella,25,100000,100000,0.5,pivot_one,3,0.270116123728291,-1.3089033245624864
istella,25,100000,100000,0.5,pivot_one,4,0.206851314343812,-1.5757550320034752
istella,25,100000,100000,0.5,pivot_one,5,0.1704591985960807,-1.7692593153182516
istella,25,100000,100000,0.5,pivot_one,6,0.20774591690163324,-1.5714394993428091
istella,25,100000,100000,0.5,pivot_one,7,0.1876217678324853,-1.6733272159191432
istella,25,100000,100000,0.5,pivot_one,8,0.13197700601340434,-2.0251275684379517
istella,25,100000,100000,0.5,pivot_one,9,0.11904989394431599,-2.12821259689959
istella,25,100000,100000,0.5,pivot_one,10,0.09421063875240333,-2.3622221658532245
istella,25,100000,100000,0.5,pivot_one,11,0.11446653507254635,-2.1674727688158404
istella,25,100000,100000,0.5,pivot_one,12,0.10961398397669338,-2.2107903215790405
istella,25,100000,100000,0.5,pivot_one,13,0.08946322067594434,-2.4139276803294196
istella,25,100000,100000,0.5,pivot_one,14,0.09470066302652107,-2.357034277478594
istella,25,100000,100000,0.5,pivot_one,15,0.04867109309203439,-3.0226699961320573
istella,25,100000,100000,0.5,pivot_one,16,0.09725103734439834,-2.3304596297600253
istella,25,100000,100000,0.5,pivot_one,17,0.09342560553633218,-2.370589822108103
istella,25,100000,100000,0.5,pivot_one,18,0.13052743740010656,-2.0361718260417816
istella,25,100000,100000,0.5,pivot_one,19,0.0924171120717191,-2.3814431218997076
istella,25,100000,100000,0.5,pivot_one,20,0.09019385822774927,-2.405793944833279
istella,25,100000,100000,0.5,pivot_one,21,0.05491153142159853,-2.902031908413565
istella,25,100000,100000,0.5,pivot_one,22,0.06857702669605682,-2.6797976881503263
istella,25,100000,100000,0.5,pivot_one,23,0.0383391965621116,-3.26128249718902
istella,25,100000,100000,0.5,pivot_one,24,0.04688895504614469,-3.059973131346605
istella,25,1000000,1000000,0.5,adjacent_chain,0,1.0,0.0
istella,25,1000000,1000000,0.5,adjacent_chain,1,0.5665581219563887,-0.5681756054426116
istella,25,1000000,1000000,0.5,adjacent_chain,2,0.39643991615939966,-0.9252307849273576
istella,25,1000000,1000000,0.5,adjacent_chain,3,0.307793486541969,-1.178326219133397
istella,25,1000000,1000000,0.5,adjacent_chain,4,0.2597520090232948,-1.3480279145830678
istella,25,1000000,1000000,0.5,adjacent_chain,5,0.23028375869213127,-1.4684429970386224
istella,25,1000000,1000000,0.5,adjacent_chain,6,0.20600704350299276,-1.5798449190149801
istella,25,1000000,1000000,0.5,adjacent_chain,7,0.1718854031583168,-1.7609272849264441
istella,25,1000000,1000000,0.5,adjacent_chain,8,0.13819204802595209,-1.979110908913643
istella,25,1000000,1000000,0.5,adjacent_chain,9,0.15358147619928494,-1.8735240632019532
istella,25,1000000,1000000,0.5,adjacent_chain,10,0.14312845883303804,-1.9440127384465955
istella,25,1000000,1000000,0.5,adjacent_chain,11,0.11733638390554807,-2.142710393195111
istella,25,1000000,1000000,0.5,adjacent_chain,12,0.12279396503683905,-2.0972474091278808
istella,25,1000000,1000000,0.5,adjacent_chain,13,0.10975506171045592,-2.2095041077217488
istella,25,1000000,1000000,0.5,adjacent_chain,14,0.09762860856903587,-2.326584707930152
istella,25,1000000,1000000,0.5,adjacent_chain,15,0.09807844490692405,-2.321987662273481
istella,25,1000000,1000000,0.5,adjacent_chain,16,0.0972784956758833,-2.3301773247419546
istella,25,1000000,1000000,0.5,adjacent_chain,17,0.09392823188766136,-2.365224278876278
istella,25,1000000,1000000,0.5,adjacent_chain,18,0.09189388696338129,-2.3871207701857
istella,25,1000000,1000000,0.5,adjacent_chain,19,0.07249913992252557,-2.624180580329454
istella,25,1000000,1000000,0.5,adjacent_chain,20,0.07397704271774154,-2.6040004674543815
istella,25,1000000,1000000,0.5,adjacent_chain,21,0.08511012291532193,-2.463809297300656
istella,25,1000000,1000000,0.5,adjacent_chain,22,0.08796259571630141,-2.4308436035411187
istella,25,1000000,1000000,0.5,adjacent_chain,23,0.07804337318966967,-2.5504905403060243
istella,25,1000000,1000000,0.5,adjacent_chain,24,0.08052001459321236,-2.5192494969734494
istella,25,1000000,1000000,0.5,ctr,0,1.0,0.0
istella,25,1000000,1000000,0.5,ctr,1,0.42624583614612505,-0.852739019004264
istella,25,1000000,1000000,0.5,ctr,2,0.2513141731499209,-1.3810514366997697
istella,25,1000000,1000000,0.5,ctr,3,0.1694831763587564,-1.7750016116082992
istella,25,1000000,1000000,0.5,ctr,4,0.12419618411802952,-2.0858928336421036
istella,25,1000000,1000000,0.5,ctr,5,0.09442933126555357,-2.3599035415330025
istella,25,1000000,1000000,0.5,ctr,6,0.07401392919243391,-2.6035019711612617
istella,25,1000000,1000000,0.5,ctr,7,0.060833974592406526,-2.7996068534382204
istella,25,1000000,1000000,0.5,ctr,8,0.05324368637564276,-2.9328760471377016
istella,25,1000000,1000000,0.5,ctr,9,0.043464792289450875,-3.1358040412626917
istella,25,1000000,1000000,0.5,ctr,10,0.03657951213490497,-3.308266973043703
istella,25,1000000,1000000,0.5,ctr,11,0.03137609157904779,-3.4617090907713215
istella,25,1000000,1000000,0.5,ctr,12,0.02750142297751278,-3.5935175310114906
istella,25,1000000,1000000,0.5,ctr,13,0.023158265108781207,-3.7654035380304287
istella,25,1000000,1000000,0.5,ctr,14,0.021084565869601595,-3.8592139815330917
istella,25,1000000,1000000,0.5,ctr,15,0.018354208732284077,-3.997896372072666
istella,25,1000000,1000000,0.5,ctr,16,0.016420473927229985,-4.1092263125710895
istella,25,1000000,1000000,0.5,ctr,17,0.015192993639914935,-4.186920902140029
istella,25,1000000,1000000,0.5,ctr,18,0.014059485009744181,-4.264458021311396
istella,25,1000000,1000000,0.5,ctr,19,0.011890600302412324,-4.432007081546159
istella,25,1000000,1000000,0.5,ctr,20,0.010874119572612856,-4.52136966412493
istella,25,1000000,1000000,0.5,ctr,21,0.009846695502842147,-4.620619362029756
istella,25,1000000,1000000,0.5,ctr,22,0.009804085474674077,-4.624956095007266
istella,25,1000000,1000000,0.5,ctr,23,0.008726284427188584,-4.741415609443087
istella,25,1000000,1000000,0.5,ctr,24,0.008319219800396283,-4.789186802536907
istella,25,1000000,1000000,0.5,global_all_pairs,0,1.0,0.0
istella,25,1000000,1000000,0.5,global_all_pairs,1,0.5474812388420105,-0.6024270848338387
istella,25,1000000,1000000,0.5,global_all_pairs,2,0.37918609380722046,-0.9697281817230342
istella,25,1000000,1000000,0.5,global_all_pairs,3,0.2752082943916321,-1.2902270338726571
istella,25,1000000,1000000,0.5,global_all_pairs,4,0.2366010844707489,-1.4413797438864409
istella,25,1000000,1000000,0.5,global_all_pairs,5,0.18901899456977844,-1.6659077686031203
istella,25,1000000,1000000,0.5,global_all_pairs,6,0.16297046840190887,-1.8141862700380407
istella,25,1000000,1000000,0.5,global_all_pairs,7,0.14636941254138947,-1.921621630012205
istella,25,1000000,1000000,0.5,global_all_pairs,8,0.1292990893125534,-2.045627036442173
istella,25,1000000,1000000,0.5,global_all_pairs,9,0.12727047502994537,-2.0614407325270236
istella,25,1000000,1000000,0.5,global_all_pairs,10,0.11223068088293076,-2.1871988751192104
istella,25,1000000,1000000,0.5,global_all_pairs,11,0.09841624647378922,-2.3185493821115504
istella,25,1000000,1000000,0.5,global_all_pairs,12,0.09396766126155853,-2.3648045850360875
istella,25,1000000,1000000,0.5,global_all_pairs,13,0.08350104838609695,-2.482896091682028
istella,25,1000000,1000000,0.5,global_all_pairs,14,0.07680878043174744,-2.5664363168251416
istella,25,1000000,1000000,0.5,global_all_pairs,15,0.07609695196151733,-2.5757470679847456
istella,25,1000000,1000000,0.5,global_all_pairs,16,0.07111669331789017,-2.643433183262755
istella,25,1000000,1000000,0.5,global_all_pairs,17,0.06595531105995178,-2.7187778714471813
istella,25,1000000,1000000,0.5,global_all_pairs,18,0.06357983499765396,-2.755458918695456
istella,25,1000000,1000000,0.5,global_all_pairs,19,0.058189377188682556,-2.844052463435237
istella,25,1000000,1000000,0.5,global_all_pairs,20,0.056346844881772995,-2.876229031514278
istella,25,1000000,1000000,0.5,global_all_pairs,21,0.05462989956140518,-2.907173935100726
istella,25,1000000,1000000,0.5,global_all_pairs,22,0.05327237769961357,-2.932337324177671
istella,25,1000000,1000000,0.5,global_all_pairs,23,0.044964104890823364,-3.101890776611903
istella,25,1000000,1000000,0.5,global_all_pairs,24,0.04549865052103996,-3.090072612343308
istella,25,1000000,1000000,0.5,pivot_one,0,1.0,0.0
istella,25,1000000,1000000,0.5,pivot_one,1,0.5665581219563887,-0.5681756054426116
istella,25,1000000,1000000,0.5,pivot_one,2,0.39331979875999434,-0.9331322607147894
istella,25,1000000,1000000,0.5,pivot_one,3,0.281952328562838,-1.2660172699836987
istella,25,1000000,1000000,0.5,pivot_one,4,0.24483174442827854,-1.4071840617989175
istella,25,1000000,1000000,0.5,pivot_one,5,0.17936274586540898,-1.718345010534789
istella,25,1000000,1000000,0.5,pivot_one,6,0.17584311006419226,-1.7381631015849646
istella,25,1000000,1000000,0.5,pivot_one,7,0.1405488273291904,-1.9622003251066624
istella,25,1000000,1000000,0.5,pivot_one,8,0.12987793475205936,-2.041160233074569
istella,25,1000000,1000000,0.5,pivot_one,9,0.13176171323474645,-2.026760190504918
istella,25,1000000,1000000,0.5,pivot_one,10,0.1080528272484686,-2.225135030258949
istella,25,1000000,1000000,0.5,pivot_one,11,0.09405688044730753,-2.363855568576488
istella,25,1000000,1000000,0.5,pivot_one,12,0.09746816978314876,-2.3282294180418073
istella,25,1000000,1000000,0.5,pivot_one,13,0.08283586888108402,-2.4908941123476325
istella,25,1000000,1000000,0.5,pivot_one,14,0.07746023867402556,-2.5579905236451066
istella,25,1000000,1000000,0.5,pivot_one,15,0.07716192164586072,-2.5618491865649804
istella,25,1000000,1000000,0.5,pivot_one,16,0.07860623299193098,-2.5433042825392733
istella,25,1000000,1000000,0.5,pivot_one,17,0.05578644215055949,-2.8862244113295974
istella,25,1000000,1000000,0.5,pivot_one,18,0.05855534131468458,-2.83778296654619
istella,25,1000000,1000000,0.5,pivot_one,19,0.06140384796789473,-2.7902827753058683
istella,25,1000000,1000000,0.5,pivot_one,20,0.06205432329633535,-2.779745095361645
istella,25,1000000,1000000,0.5,pivot_one,21,0.06034901352960972,-2.807610677394731
istella,25,1000000,1000000,0.5,pivot_one,22,0.049515184197470516,-3.005475904982053
istella,25,1000000,1000000,0.5,pivot_one,23,0.04485587008832737,-3.1043008163588386
istella,25,1000000,1000000,0.5,pivot_one,24,0.04918389206398477,-3.0121891061634773
