n_observations,var_true_ips,var_frequency_ips,mean_true_ips,mean_frequency_ips,mean_frequency_propensity,n_simulations,cutoff,label,max_label,bias_strength,policy_temperature,deterministic_rank,true_document_propensity,expected_true_ips
1,2.4133433408404676,27.89823280472805,2.1157426070418763,3.21924,0.3066692089945736,100000,25,4.0,4,1.0,0.5,1,0.3070883943243009,2.1208462793232656
2,1.2041229762116477,6.466283996922788,2.1216855213093315,2.5904991434727482,0.3076172171218429,100000,25,4.0,4,1.0,0.5,1,0.3070883943243009,2.1208462793232656
3,0.8041565881387783,2.576679059835918,2.124046405059417,2.38652552142377,0.30683473864175465,100000,25,4.0,4,1.0,0.5,1,0.3070883943243009,2.1208462793232656
4,0.5954678013025021,1.2920430848109565,2.1233625628697372,2.286246823769907,0.3072771986121687,100000,25,4.0,4,1.0,0.5,1,0.3070883943243009,2.1208462793232656
5,0.4795293218966619,0.8313816844917546,2.1203145805385923,2.2403453386786856,0.30679797970642997,100000,25,4.0,4,1.0,0.5,1,0.3070883943243009,2.1208462793232656
6,0.4014895395546248,0.5981499646727572,2.122537610386949,2.2123695630519626,0.30737094252627967,100000,25,4.0,4,1.0,0.5,1,0.3070883943243009,2.1208462793232656
7,0.34503772853498554,0.45015998548941355,2.1174080186330695,2.1916895574730786,0.30696630376352396,100000,25,4.0,4,1.0,0.5,1,0.3070883943243009,2.1208462793232656
8,0.3013391953599322,0.37158488376012844,2.118905377169145,2.1827178237326748,0.3068209896484326,100000,25,4.0,4,1.0,0.5,1,0.3070883943243009,2.1208462793232656
9,0.26897226583826267,0.3089572122891043,2.1213327455765603,2.172731336906065,0.3073585136118308,100000,25,4.0,4,1.0,0.5,1,0.3070883943243009,2.1208462793232656
10,0.24076500504482443,0.26669775918031063,2.1227438485076457,2.1679790358465105,0.30728050655223027,100000,25,4.0,4,1.0,0.5,1,0.3070883943243009,2.1208462793232656
